Prop ID,Player ID,Display Name,Position,Line Score,Stat Type,League ID,Team Name,Odds Type,Game ID,Start Time,Change Type,Timestamp
4125597,188010,Kevin Durant,F,25.5,Points,7,PHX,standard,NBA_game_uXJ83idW9TTP1VYlCP40rzAY,2025-03-16 19:40:00,New,2025-05-27_02-30-13
4127595,188010,Kevin Durant,F,19.0,FG Attempted,7,PHX,standard,NBA_game_uXJ83idW9TTP1VYlCP40rzAY,2025-03-16 19:40:00,New,2025-05-27_02-30-13
4127585,188010,Kevin Durant,F,4.5,Free Throws Made,7,PHX,standard,NBA_game_uXJ83idW9TTP1VYlCP40rzAY,2025-03-16 19:40:00,New,2025-05-27_02-30-13
4127589,188010,Kevin Durant,F,9.5,FG Made,7,PHX,standard,NBA_game_uXJ83idW9TTP1VYlCP40rzAY,2025-03-16 19:40:00,New,2025-05-27_02-30-13
4125726,188010,Kevin Durant,F,10.0,Rebs+Asts,7,PHX,standard,NBA_game_uXJ83idW9TTP1VYlCP40rzAY,2025-03-16 19:40:00,New,2025-05-27_02-30-13
4125649,188010,Kevin Durant,F,4.0,Assists,7,PHX,standard,NBA_game_uXJ83idW9TTP1VYlCP40rzAY,2025-03-16 19:40:00,New,2025-05-27_02-30-13
4125700,188010,Kevin Durant,F,31.5,Pts+Rebs,7,PHX,standard,NBA_game_uXJ83idW9TTP1VYlCP40rzAY,2025-03-16 19:40:00,New,2025-05-27_02-30-13
4125658,188010,Kevin Durant,F,2.5,3-PT Made,7,PHX,standard,NBA_game_uXJ83idW9TTP1VYlCP40rzAY,2025-03-16 19:40:00,New,2025-05-27_02-30-13
4125713,188010,Kevin Durant,F,29.5,Pts+Asts,7,PHX,standard,NBA_game_uXJ83idW9TTP1VYlCP40rzAY,2025-03-16 19:40:00,New,2025-05-27_02-30-13
4125661,188010,Kevin Durant,F,35.5,Pts+Rebs+Asts,7,PHX,standard,NBA_game_uXJ83idW9TTP1VYlCP40rzAY,2025-03-16 19:40:00,New,2025-05-27_02-30-13
4127590,227710,Luka Dončić,F-G,11.0,FG Made,7,LAL,standard,NBA_game_uXJ83idW9TTP1VYlCP40rzAY,2025-03-16 19:40:00,New,2025-05-27_02-30-13
4125598,227710,Luka Dončić,F-G,32.5,Points,7,LAL,standard,NBA_game_uXJ83idW9TTP1VYlCP40rzAY,2025-03-16 19:40:00,New,2025-05-27_02-30-13
4127600,227710,Luka Dončić,F-G,11.5,3-PT Attempted,7,LAL,standard,NBA_game_uXJ83idW9TTP1VYlCP40rzAY,2025-03-16 19:40:00,New,2025-05-27_02-30-13
4125714,227710,Luka Dončić,F-G,41.5,Pts+Asts,7,LAL,standard,NBA_game_uXJ83idW9TTP1VYlCP40rzAY,2025-03-16 19:40:00,New,2025-05-27_02-30-13
4125650,227710,Luka Dončić,F-G,8.5,Assists,7,LAL,standard,NBA_game_uXJ83idW9TTP1VYlCP40rzAY,2025-03-16 19:40:00,New,2025-05-27_02-30-13
4125662,227710,Luka Dončić,F-G,50.5,Pts+Rebs+Asts,7,LAL,standard,NBA_game_uXJ83idW9TTP1VYlCP40rzAY,2025-03-16 19:40:00,New,2025-05-27_02-30-13
4125727,227710,Luka Dončić,F-G,17.5,Rebs+Asts,7,LAL,standard,NBA_game_uXJ83idW9TTP1VYlCP40rzAY,2025-03-16 19:40:00,New,2025-05-27_02-30-13
4125638,227710,Luka Dončić,F-G,9.0,Rebounds,7,LAL,standard,NBA_game_uXJ83idW9TTP1VYlCP40rzAY,2025-03-16 19:40:00,New,2025-05-27_02-30-13
4127596,227710,Luka Dončić,F-G,24.0,FG Attempted,7,LAL,standard,NBA_game_uXJ83idW9TTP1VYlCP40rzAY,2025-03-16 19:40:00,New,2025-05-27_02-30-13
4125701,227710,Luka Dončić,F-G,42.0,Pts+Rebs,7,LAL,standard,NBA_game_uXJ83idW9TTP1VYlCP40rzAY,2025-03-16 19:40:00,New,2025-05-27_02-30-13
4127586,227710,Luka Dončić,F-G,6.5,Free Throws Made,7,LAL,standard,NBA_game_uXJ83idW9TTP1VYlCP40rzAY,2025-03-16 19:40:00,New,2025-05-27_02-30-13
4125715,188014,Devin Booker,G,31.5,Pts+Asts,7,PHX,standard,NBA_game_uXJ83idW9TTP1VYlCP40rzAY,2025-03-16 19:40:00,New,2025-05-27_02-30-13
4125599,188014,Devin Booker,G,24.5,Points,7,PHX,standard,NBA_game_uXJ83idW9TTP1VYlCP40rzAY,2025-03-16 19:40:00,New,2025-05-27_02-30-13
4125702,188014,Devin Booker,G,28.5,Pts+Rebs,7,PHX,standard,NBA_game_uXJ83idW9TTP1VYlCP40rzAY,2025-03-16 19:40:00,New,2025-05-27_02-30-13
4125651,188014,Devin Booker,G,7.0,Assists,7,PHX,standard,NBA_game_uXJ83idW9TTP1VYlCP40rzAY,2025-03-16 19:40:00,New,2025-05-27_02-30-13
4125663,188014,Devin Booker,G,36.5,Pts+Rebs+Asts,7,PHX,standard,NBA_game_uXJ83idW9TTP1VYlCP40rzAY,2025-03-16 19:40:00,New,2025-05-27_02-30-13
4127601,188014,Devin Booker,G,7.5,3-PT Attempted,7,PHX,standard,NBA_game_uXJ83idW9TTP1VYlCP40rzAY,2025-03-16 19:40:00,New,2025-05-27_02-30-13
4125639,188014,Devin Booker,G,4.0,Rebounds,7,PHX,standard,NBA_game_uXJ83idW9TTP1VYlCP40rzAY,2025-03-16 19:40:00,New,2025-05-27_02-30-13
4127587,188014,Devin Booker,G,5.5,Free Throws Made,7,PHX,standard,NBA_game_uXJ83idW9TTP1VYlCP40rzAY,2025-03-16 19:40:00,New,2025-05-27_02-30-13
4127591,188014,Devin Booker,G,8.0,FG Made,7,PHX,standard,NBA_game_uXJ83idW9TTP1VYlCP40rzAY,2025-03-16 19:40:00,New,2025-05-27_02-30-13
4127597,188014,Devin Booker,G,18.0,FG Attempted,7,PHX,standard,NBA_game_uXJ83idW9TTP1VYlCP40rzAY,2025-03-16 19:40:00,New,2025-05-27_02-30-13
4125728,188014,Devin Booker,G,11.0,Rebs+Asts,7,PHX,standard,NBA_game_uXJ83idW9TTP1VYlCP40rzAY,2025-03-16 19:40:00,New,2025-05-27_02-30-13
4127588,55934,Austin Reaves,G,4.5,Free Throws Made,7,LAL,standard,NBA_game_uXJ83idW9TTP1VYlCP40rzAY,2025-03-16 19:40:00,New,2025-05-27_02-30-13
4125716,55934,Austin Reaves,G,28.5,Pts+Asts,7,LAL,standard,NBA_game_uXJ83idW9TTP1VYlCP40rzAY,2025-03-16 19:40:00,New,2025-05-27_02-30-13
4125703,55934,Austin Reaves,G,28.0,Pts+Rebs,7,LAL,standard,NBA_game_uXJ83idW9TTP1VYlCP40rzAY,2025-03-16 19:40:00,New,2025-05-27_02-30-13
4127602,55934,Austin Reaves,G,8.0,3-PT Attempted,7,LAL,standard,NBA_game_uXJ83idW9TTP1VYlCP40rzAY,2025-03-16 19:40:00,New,2025-05-27_02-30-13
4127598,55934,Austin Reaves,G,15.5,FG Attempted,7,LAL,standard,NBA_game_uXJ83idW9TTP1VYlCP40rzAY,2025-03-16 19:40:00,New,2025-05-27_02-30-13
4125652,55934,Austin Reaves,G,6.0,Assists,7,LAL,standard,NBA_game_uXJ83idW9TTP1VYlCP40rzAY,2025-03-16 19:40:00,New,2025-05-27_02-30-13
4127592,55934,Austin Reaves,G,7.0,FG Made,7,LAL,standard,NBA_game_uXJ83idW9TTP1VYlCP40rzAY,2025-03-16 19:40:00,New,2025-05-27_02-30-13
4125640,55934,Austin Reaves,G,5.0,Rebounds,7,LAL,standard,NBA_game_uXJ83idW9TTP1VYlCP40rzAY,2025-03-16 19:40:00,New,2025-05-27_02-30-13
4125600,55934,Austin Reaves,G,22.5,Points,7,LAL,standard,NBA_game_uXJ83idW9TTP1VYlCP40rzAY,2025-03-16 19:40:00,New,2025-05-27_02-30-13
4125729,55934,Austin Reaves,G,11.0,Rebs+Asts,7,LAL,standard,NBA_game_uXJ83idW9TTP1VYlCP40rzAY,2025-03-16 19:40:00,New,2025-05-27_02-30-13
4125664,55934,Austin Reaves,G,34.0,Pts+Rebs+Asts,7,LAL,standard,NBA_game_uXJ83idW9TTP1VYlCP40rzAY,2025-03-16 19:40:00,New,2025-05-27_02-30-13
4125704,172380,Bradley Beal,G,18.5,Pts+Rebs,7,PHX,standard,NBA_game_uXJ83idW9TTP1VYlCP40rzAY,2025-03-16 19:40:00,New,2025-05-27_02-30-13
4125659,172380,Bradley Beal,G,1.5,3-PT Made,7,PHX,standard,NBA_game_uXJ83idW9TTP1VYlCP40rzAY,2025-03-16 19:40:00,New,2025-05-27_02-30-13
4125730,172380,Bradley Beal,G,7.0,Rebs+Asts,7,PHX,standard,NBA_game_uXJ83idW9TTP1VYlCP40rzAY,2025-03-16 19:40:00,New,2025-05-27_02-30-13
4125601,172380,Bradley Beal,G,15.5,Points,7,PHX,standard,NBA_game_uXJ83idW9TTP1VYlCP40rzAY,2025-03-16 19:40:00,New,2025-05-27_02-30-13
4125653,172380,Bradley Beal,G,4.0,Assists,7,PHX,standard,NBA_game_uXJ83idW9TTP1VYlCP40rzAY,2025-03-16 19:40:00,New,2025-05-27_02-30-13
4125717,172380,Bradley Beal,G,19.5,Pts+Asts,7,PHX,standard,NBA_game_uXJ83idW9TTP1VYlCP40rzAY,2025-03-16 19:40:00,New,2025-05-27_02-30-13
4125665,172380,Bradley Beal,G,22.5,Pts+Rebs+Asts,7,PHX,standard,NBA_game_uXJ83idW9TTP1VYlCP40rzAY,2025-03-16 19:40:00,New,2025-05-27_02-30-13
4127599,172380,Bradley Beal,G,11.5,FG Attempted,7,PHX,standard,NBA_game_uXJ83idW9TTP1VYlCP40rzAY,2025-03-16 19:40:00,New,2025-05-27_02-30-13
4127593,172380,Bradley Beal,G,5.5,FG Made,7,PHX,standard,NBA_game_uXJ83idW9TTP1VYlCP40rzAY,2025-03-16 19:40:00,New,2025-05-27_02-30-13
4125718,150852,Gabe Vincent,G,12.0,Pts+Asts,7,LAL,standard,NBA_game_uXJ83idW9TTP1VYlCP40rzAY,2025-03-16 19:40:00,New,2025-05-27_02-30-13
4125705,150852,Gabe Vincent,G,12.0,Pts+Rebs,7,LAL,standard,NBA_game_uXJ83idW9TTP1VYlCP40rzAY,2025-03-16 19:40:00,New,2025-05-27_02-30-13
4125666,150852,Gabe Vincent,G,14.0,Pts+Rebs+Asts,7,LAL,standard,NBA_game_uXJ83idW9TTP1VYlCP40rzAY,2025-03-16 19:40:00,New,2025-05-27_02-30-13
4125602,150852,Gabe Vincent,G,10.0,Points,7,LAL,standard,NBA_game_uXJ83idW9TTP1VYlCP40rzAY,2025-03-16 19:40:00,New,2025-05-27_02-30-13
4125642,225340,Nick Richards,C,8.0,Rebounds,7,PHX,standard,NBA_game_uXJ83idW9TTP1VYlCP40rzAY,2025-03-16 19:40:00,New,2025-05-27_02-30-13
4125603,225340,Nick Richards,C,9.5,Points,7,PHX,standard,NBA_game_uXJ83idW9TTP1VYlCP40rzAY,2025-03-16 19:40:00,New,2025-05-27_02-30-13
4125719,225340,Nick Richards,C,10.0,Pts+Asts,7,PHX,standard,NBA_game_uXJ83idW9TTP1VYlCP40rzAY,2025-03-16 19:40:00,New,2025-05-27_02-30-13
4125667,225340,Nick Richards,C,18.5,Pts+Rebs+Asts,7,PHX,standard,NBA_game_uXJ83idW9TTP1VYlCP40rzAY,2025-03-16 19:40:00,New,2025-05-27_02-30-13
4125740,225340,Nick Richards,C,0.5,Blocked Shots,7,PHX,standard,NBA_game_uXJ83idW9TTP1VYlCP40rzAY,2025-03-16 19:40:00,New,2025-05-27_02-30-13
4125706,225340,Nick Richards,C,17.5,Pts+Rebs,7,PHX,standard,NBA_game_uXJ83idW9TTP1VYlCP40rzAY,2025-03-16 19:40:00,New,2025-05-27_02-30-13
4125732,225340,Nick Richards,C,8.5,Rebs+Asts,7,PHX,standard,NBA_game_uXJ83idW9TTP1VYlCP40rzAY,2025-03-16 19:40:00,New,2025-05-27_02-30-13
4125733,150853,Jaxson Hayes,C-F,6.5,Rebs+Asts,7,LAL,standard,NBA_game_uXJ83idW9TTP1VYlCP40rzAY,2025-03-16 19:40:00,New,2025-05-27_02-30-13
4125720,150853,Jaxson Hayes,C-F,9.5,Pts+Asts,7,LAL,standard,NBA_game_uXJ83idW9TTP1VYlCP40rzAY,2025-03-16 19:40:00,New,2025-05-27_02-30-13
4125643,150853,Jaxson Hayes,C-F,5.5,Rebounds,7,LAL,standard,NBA_game_uXJ83idW9TTP1VYlCP40rzAY,2025-03-16 19:40:00,New,2025-05-27_02-30-13
4125707,150853,Jaxson Hayes,C-F,14.5,Pts+Rebs,7,LAL,standard,NBA_game_uXJ83idW9TTP1VYlCP40rzAY,2025-03-16 19:40:00,New,2025-05-27_02-30-13
4125668,150853,Jaxson Hayes,C-F,15.0,Pts+Rebs+Asts,7,LAL,standard,NBA_game_uXJ83idW9TTP1VYlCP40rzAY,2025-03-16 19:40:00,New,2025-05-27_02-30-13
4125604,150853,Jaxson Hayes,C-F,8.5,Points,7,LAL,standard,NBA_game_uXJ83idW9TTP1VYlCP40rzAY,2025-03-16 19:40:00,New,2025-05-27_02-30-13
4125605,219060,Ryan Dunn,F,9.0,Points,7,PHX,standard,NBA_game_uXJ83idW9TTP1VYlCP40rzAY,2025-03-16 19:40:00,New,2025-05-27_02-30-13
4125669,219060,Ryan Dunn,F,15.0,Pts+Rebs+Asts,7,PHX,standard,NBA_game_uXJ83idW9TTP1VYlCP40rzAY,2025-03-16 19:40:00,New,2025-05-27_02-30-13
4125721,219060,Ryan Dunn,F,10.5,Pts+Asts,7,PHX,standard,NBA_game_uXJ83idW9TTP1VYlCP40rzAY,2025-03-16 19:40:00,New,2025-05-27_02-30-13
4125734,219060,Ryan Dunn,F,5.5,Rebs+Asts,7,PHX,standard,NBA_game_uXJ83idW9TTP1VYlCP40rzAY,2025-03-16 19:40:00,New,2025-05-27_02-30-13
4125708,219060,Ryan Dunn,F,13.5,Pts+Rebs,7,PHX,standard,NBA_game_uXJ83idW9TTP1VYlCP40rzAY,2025-03-16 19:40:00,New,2025-05-27_02-30-13
4125670,223160,Dorian Finney-Smith,F,14.0,Pts+Rebs+Asts,7,LAL,standard,NBA_game_uXJ83idW9TTP1VYlCP40rzAY,2025-03-16 19:40:00,New,2025-05-27_02-30-13
4125606,223160,Dorian Finney-Smith,F,8.0,Points,7,LAL,standard,NBA_game_uXJ83idW9TTP1VYlCP40rzAY,2025-03-16 19:40:00,New,2025-05-27_02-30-13
4125645,223160,Dorian Finney-Smith,F,4.0,Rebounds,7,LAL,standard,NBA_game_uXJ83idW9TTP1VYlCP40rzAY,2025-03-16 19:40:00,New,2025-05-27_02-30-13
4125709,223160,Dorian Finney-Smith,F,12.5,Pts+Rebs,7,LAL,standard,NBA_game_uXJ83idW9TTP1VYlCP40rzAY,2025-03-16 19:40:00,New,2025-05-27_02-30-13
4125722,223160,Dorian Finney-Smith,F,9.5,Pts+Asts,7,LAL,standard,NBA_game_uXJ83idW9TTP1VYlCP40rzAY,2025-03-16 19:40:00,New,2025-05-27_02-30-13
4125607,187891,Royce O'Neale,F,8.0,Points,7,PHX,standard,NBA_game_uXJ83idW9TTP1VYlCP40rzAY,2025-03-16 19:40:00,New,2025-05-27_02-30-13
4125710,187891,Royce O'Neale,F,11.5,Pts+Rebs,7,PHX,standard,NBA_game_uXJ83idW9TTP1VYlCP40rzAY,2025-03-16 19:40:00,New,2025-05-27_02-30-13
4125723,187891,Royce O'Neale,F,10.0,Pts+Asts,7,PHX,standard,NBA_game_uXJ83idW9TTP1VYlCP40rzAY,2025-03-16 19:40:00,New,2025-05-27_02-30-13
4125671,187891,Royce O'Neale,F,14.0,Pts+Rebs+Asts,7,PHX,standard,NBA_game_uXJ83idW9TTP1VYlCP40rzAY,2025-03-16 19:40:00,New,2025-05-27_02-30-13
4127123,217098,Dalton Knecht,F,15.5,Pts+Rebs,7,LAL,standard,NBA_game_uXJ83idW9TTP1VYlCP40rzAY,2025-03-16 19:40:00,New,2025-05-27_02-30-13
4127124,217098,Dalton Knecht,F,13.0,Pts+Asts,7,LAL,standard,NBA_game_uXJ83idW9TTP1VYlCP40rzAY,2025-03-16 19:40:00,New,2025-05-27_02-30-13
4127115,217098,Dalton Knecht,F,11.5,Points,7,LAL,standard,NBA_game_uXJ83idW9TTP1VYlCP40rzAY,2025-03-16 19:40:00,New,2025-05-27_02-30-13
4127116,217098,Dalton Knecht,F,16.5,Pts+Rebs+Asts,7,LAL,standard,NBA_game_uXJ83idW9TTP1VYlCP40rzAY,2025-03-16 19:40:00,New,2025-05-27_02-30-13
4125656,216776,Tyus Jones,G,4.0,Assists,7,PHX,standard,NBA_game_uXJ83idW9TTP1VYlCP40rzAY,2025-03-16 19:40:00,New,2025-05-27_02-30-13
4125711,216776,Tyus Jones,G,8.5,Pts+Rebs,7,PHX,standard,NBA_game_uXJ83idW9TTP1VYlCP40rzAY,2025-03-16 19:40:00,New,2025-05-27_02-30-13
4125608,216776,Tyus Jones,G,6.5,Points,7,PHX,standard,NBA_game_uXJ83idW9TTP1VYlCP40rzAY,2025-03-16 19:40:00,New,2025-05-27_02-30-13
4125672,216776,Tyus Jones,G,12.5,Pts+Rebs+Asts,7,PHX,standard,NBA_game_uXJ83idW9TTP1VYlCP40rzAY,2025-03-16 19:40:00,New,2025-05-27_02-30-13
4125724,216776,Tyus Jones,G,10.5,Pts+Asts,7,PHX,standard,NBA_game_uXJ83idW9TTP1VYlCP40rzAY,2025-03-16 19:40:00,New,2025-05-27_02-30-13
4127612,96502,Jarred Vanderbilt,F,5.5,Rebounds,7,LAL,standard,NBA_game_uXJ83idW9TTP1VYlCP40rzAY,2025-03-16 19:40:00,New,2025-05-27_02-30-13
4127611,96502,Jarred Vanderbilt,F,6.0,Points,7,LAL,standard,NBA_game_uXJ83idW9TTP1VYlCP40rzAY,2025-03-16 19:40:00,New,2025-05-27_02-30-13
4127613,96502,Jarred Vanderbilt,F,11.5,Pts+Rebs,7,LAL,standard,NBA_game_uXJ83idW9TTP1VYlCP40rzAY,2025-03-16 19:40:00,New,2025-05-27_02-30-13
4127614,96502,Jarred Vanderbilt,F,7.5,Pts+Asts,7,LAL,standard,NBA_game_uXJ83idW9TTP1VYlCP40rzAY,2025-03-16 19:40:00,New,2025-05-27_02-30-13
4125712,217515,Mason Plumlee,F-C,13.0,Pts+Rebs,7,PHX,standard,NBA_game_uXJ83idW9TTP1VYlCP40rzAY,2025-03-16 19:40:00,New,2025-05-27_02-30-13
4125609,217515,Mason Plumlee,F-C,6.0,Points,7,PHX,standard,NBA_game_uXJ83idW9TTP1VYlCP40rzAY,2025-03-16 19:40:00,New,2025-05-27_02-30-13
4125739,217515,Mason Plumlee,F-C,0.5,Blocked Shots,7,PHX,standard,NBA_game_uXJ83idW9TTP1VYlCP40rzAY,2025-03-16 19:40:00,New,2025-05-27_02-30-13
4125742,217515,Mason Plumlee,F-C,0.5,Steals,7,PHX,standard,NBA_game_uXJ83idW9TTP1VYlCP40rzAY,2025-03-16 19:40:00,New,2025-05-27_02-30-13
4125648,217515,Mason Plumlee,F-C,7.0,Rebounds,7,PHX,standard,NBA_game_uXJ83idW9TTP1VYlCP40rzAY,2025-03-16 19:40:00,New,2025-05-27_02-30-13
4125725,217515,Mason Plumlee,F-C,7.5,Pts+Asts,7,PHX,standard,NBA_game_uXJ83idW9TTP1VYlCP40rzAY,2025-03-16 19:40:00,New,2025-05-27_02-30-13
4125673,217515,Mason Plumlee,F-C,14.5,Pts+Rebs+Asts,7,PHX,standard,NBA_game_uXJ83idW9TTP1VYlCP40rzAY,2025-03-16 19:40:00,New,2025-05-27_02-30-13
4126825,227710,Luka Dončić,F-G,7.5,Rebounds,7,LAL,goblin,NBA_game_uXJ83idW9TTP1VYlCP40rzAY,2025-03-16 19:40:00,New,2025-05-27_02-30-13
4126651,187891,Royce O'Neale,F,4.5,Points,7,PHX,goblin,NBA_game_uXJ83idW9TTP1VYlCP40rzAY,2025-03-16 19:40:00,New,2025-05-27_02-30-13
4126834,150853,Jaxson Hayes,C-F,11.5,Points,7,LAL,demon,NBA_game_uXJ83idW9TTP1VYlCP40rzAY,2025-03-16 19:40:00,New,2025-05-27_02-30-13
4126657,187891,Royce O'Neale,F,5.5,Rebounds,7,PHX,demon,NBA_game_uXJ83idW9TTP1VYlCP40rzAY,2025-03-16 19:40:00,New,2025-05-27_02-30-13
4126625,216776,Tyus Jones,G,0.5,3-PT Made,7,PHX,goblin,NBA_game_uXJ83idW9TTP1VYlCP40rzAY,2025-03-16 19:40:00,New,2025-05-27_02-30-13
4126832,150853,Jaxson Hayes,C-F,0.5,Blocked Shots,7,LAL,goblin,NBA_game_uXJ83idW9TTP1VYlCP40rzAY,2025-03-16 19:40:00,New,2025-05-27_02-30-13
4126636,216776,Tyus Jones,G,0.5,Turnovers,7,PHX,goblin,NBA_game_uXJ83idW9TTP1VYlCP40rzAY,2025-03-16 19:40:00,New,2025-05-27_02-30-13
4126639,219060,Ryan Dunn,F,1.5,Assists,7,PHX,demon,NBA_game_uXJ83idW9TTP1VYlCP40rzAY,2025-03-16 19:40:00,New,2025-05-27_02-30-13
4126867,55934,Austin Reaves,G,21.5,Points,7,LAL,goblin,NBA_game_uXJ83idW9TTP1VYlCP40rzAY,2025-03-16 19:40:00,New,2025-05-27_02-30-13
4126708,172380,Bradley Beal,G,4.5,Assists,7,PHX,demon,NBA_game_uXJ83idW9TTP1VYlCP40rzAY,2025-03-16 19:40:00,New,2025-05-27_02-30-13
4126701,188014,Devin Booker,G,44.5,Pts+Rebs+Asts,7,PHX,demon,NBA_game_uXJ83idW9TTP1VYlCP40rzAY,2025-03-16 19:40:00,New,2025-05-27_02-30-13
4126674,217515,Mason Plumlee,F-C,0.5,Turnovers,7,PHX,goblin,NBA_game_uXJ83idW9TTP1VYlCP40rzAY,2025-03-16 19:40:00,New,2025-05-27_02-30-13
4126690,188014,Devin Booker,G,3.5,3-PT Made,7,PHX,demon,NBA_game_uXJ83idW9TTP1VYlCP40rzAY,2025-03-16 19:40:00,New,2025-05-27_02-30-13
4126648,187891,Royce O'Neale,F,1.5,Assists,7,PHX,goblin,NBA_game_uXJ83idW9TTP1VYlCP40rzAY,2025-03-16 19:40:00,New,2025-05-27_02-30-13
4126695,188014,Devin Booker,G,9.5,Assists,7,PHX,demon,NBA_game_uXJ83idW9TTP1VYlCP40rzAY,2025-03-16 19:40:00,New,2025-05-27_02-30-13
4126707,172380,Bradley Beal,G,2.5,Assists,7,PHX,goblin,NBA_game_uXJ83idW9TTP1VYlCP40rzAY,2025-03-16 19:40:00,New,2025-05-27_02-30-13
4126668,217515,Mason Plumlee,F-C,1.5,Assists,7,PHX,demon,NBA_game_uXJ83idW9TTP1VYlCP40rzAY,2025-03-16 19:40:00,New,2025-05-27_02-30-13
4126710,172380,Bradley Beal,G,0.5,Blocked Shots,7,PHX,demon,NBA_game_uXJ83idW9TTP1VYlCP40rzAY,2025-03-16 19:40:00,New,2025-05-27_02-30-13
4126869,55934,Austin Reaves,G,44.5,Pts+Rebs+Asts,7,LAL,demon,NBA_game_uXJ83idW9TTP1VYlCP40rzAY,2025-03-16 19:40:00,New,2025-05-27_02-30-13
4126827,227710,Luka Dončić,F-G,11.5,Rebounds,7,LAL,demon,NBA_game_uXJ83idW9TTP1VYlCP40rzAY,2025-03-16 19:40:00,New,2025-05-27_02-30-13
4126698,188014,Devin Booker,G,29.5,Points,7,PHX,demon,NBA_game_uXJ83idW9TTP1VYlCP40rzAY,2025-03-16 19:40:00,New,2025-05-27_02-30-13
4126696,188014,Devin Booker,G,0.5,Blocked Shots,7,PHX,demon,NBA_game_uXJ83idW9TTP1VYlCP40rzAY,2025-03-16 19:40:00,New,2025-05-27_02-30-13
4126647,187891,Royce O'Neale,F,2.5,3-PT Made,7,PHX,demon,NBA_game_uXJ83idW9TTP1VYlCP40rzAY,2025-03-16 19:40:00,New,2025-05-27_02-30-13
4126703,188014,Devin Booker,G,5.5,Rebounds,7,PHX,demon,NBA_game_uXJ83idW9TTP1VYlCP40rzAY,2025-03-16 19:40:00,New,2025-05-27_02-30-13
4126686,188010,Kevin Durant,F,8.5,Rebounds,7,PHX,demon,NBA_game_uXJ83idW9TTP1VYlCP40rzAY,2025-03-16 19:40:00,New,2025-05-27_02-30-13
4126646,219060,Ryan Dunn,F,6.5,Rebounds,7,PHX,demon,NBA_game_uXJ83idW9TTP1VYlCP40rzAY,2025-03-16 19:40:00,New,2025-05-27_02-30-13
4126675,188010,Kevin Durant,F,1.5,3-PT Made,7,PHX,goblin,NBA_game_uXJ83idW9TTP1VYlCP40rzAY,2025-03-16 19:40:00,New,2025-05-27_02-30-13
4126685,188010,Kevin Durant,F,7.5,Rebounds,7,PHX,demon,NBA_game_uXJ83idW9TTP1VYlCP40rzAY,2025-03-16 19:40:00,New,2025-05-27_02-30-13
4126814,227710,Luka Dončić,F-G,6.5,Assists,7,LAL,goblin,NBA_game_uXJ83idW9TTP1VYlCP40rzAY,2025-03-16 19:40:00,New,2025-05-27_02-30-13
4126628,216776,Tyus Jones,G,5.5,Assists,7,PHX,demon,NBA_game_uXJ83idW9TTP1VYlCP40rzAY,2025-03-16 19:40:00,New,2025-05-27_02-30-13
4126658,187891,Royce O'Neale,F,1.5,Steals,7,PHX,demon,NBA_game_uXJ83idW9TTP1VYlCP40rzAY,2025-03-16 19:40:00,New,2025-05-27_02-30-13
4126653,187891,Royce O'Neale,F,11.5,Points,7,PHX,demon,NBA_game_uXJ83idW9TTP1VYlCP40rzAY,2025-03-16 19:40:00,New,2025-05-27_02-30-13
4126821,227710,Luka Dončić,F-G,39.5,Points,7,LAL,demon,NBA_game_uXJ83idW9TTP1VYlCP40rzAY,2025-03-16 19:40:00,New,2025-05-27_02-30-13
4126627,216776,Tyus Jones,G,2.5,Assists,7,PHX,goblin,NBA_game_uXJ83idW9TTP1VYlCP40rzAY,2025-03-16 19:40:00,New,2025-05-27_02-30-13
4126684,188010,Kevin Durant,F,4.5,Rebounds,7,PHX,goblin,NBA_game_uXJ83idW9TTP1VYlCP40rzAY,2025-03-16 19:40:00,New,2025-05-27_02-30-13
4126691,188014,Devin Booker,G,4.5,3-PT Made,7,PHX,demon,NBA_game_uXJ83idW9TTP1VYlCP40rzAY,2025-03-16 19:40:00,New,2025-05-27_02-30-13
4126711,172380,Bradley Beal,G,19.5,Points,7,PHX,demon,NBA_game_uXJ83idW9TTP1VYlCP40rzAY,2025-03-16 19:40:00,New,2025-05-27_02-30-13
4126626,216776,Tyus Jones,G,2.5,3-PT Made,7,PHX,demon,NBA_game_uXJ83idW9TTP1VYlCP40rzAY,2025-03-16 19:40:00,New,2025-05-27_02-30-13
4126679,188010,Kevin Durant,F,0.5,Blocked Shots,7,PHX,goblin,NBA_game_uXJ83idW9TTP1VYlCP40rzAY,2025-03-16 19:40:00,New,2025-05-27_02-30-13
4126635,216776,Tyus Jones,G,3.5,Rebounds,7,PHX,demon,NBA_game_uXJ83idW9TTP1VYlCP40rzAY,2025-03-16 19:40:00,New,2025-05-27_02-30-13
4126824,227710,Luka Dončić,F-G,6.5,Rebounds,7,LAL,goblin,NBA_game_uXJ83idW9TTP1VYlCP40rzAY,2025-03-16 19:40:00,New,2025-05-27_02-30-13
4126813,227710,Luka Dončić,F-G,5.5,3-PT Made,7,LAL,demon,NBA_game_uXJ83idW9TTP1VYlCP40rzAY,2025-03-16 19:40:00,New,2025-05-27_02-30-13
4126671,217515,Mason Plumlee,F-C,9.5,Points,7,PHX,demon,NBA_game_uXJ83idW9TTP1VYlCP40rzAY,2025-03-16 19:40:00,New,2025-05-27_02-30-13
4126652,187891,Royce O'Neale,F,9.5,Points,7,PHX,demon,NBA_game_uXJ83idW9TTP1VYlCP40rzAY,2025-03-16 19:40:00,New,2025-05-27_02-30-13
4126870,55934,Austin Reaves,G,3.5,Rebounds,7,LAL,goblin,NBA_game_uXJ83idW9TTP1VYlCP40rzAY,2025-03-16 19:40:00,New,2025-05-27_02-30-13
4126645,219060,Ryan Dunn,F,5.5,Rebounds,7,PHX,demon,NBA_game_uXJ83idW9TTP1VYlCP40rzAY,2025-03-16 19:40:00,New,2025-05-27_02-30-13
4126677,188010,Kevin Durant,F,5.5,Assists,7,PHX,demon,NBA_game_uXJ83idW9TTP1VYlCP40rzAY,2025-03-16 19:40:00,New,2025-05-27_02-30-13
4126655,187891,Royce O'Neale,F,2.5,Rebounds,7,PHX,goblin,NBA_game_uXJ83idW9TTP1VYlCP40rzAY,2025-03-16 19:40:00,New,2025-05-27_02-30-13
4126815,227710,Luka Dončić,F-G,7.5,Assists,7,LAL,goblin,NBA_game_uXJ83idW9TTP1VYlCP40rzAY,2025-03-16 19:40:00,New,2025-05-27_02-30-13
4126680,188010,Kevin Durant,F,1.5,Blocked Shots,7,PHX,demon,NBA_game_uXJ83idW9TTP1VYlCP40rzAY,2025-03-16 19:40:00,New,2025-05-27_02-30-13
4126850,223160,Dorian Finney-Smith,F,2.5,3-PT Made,7,LAL,demon,NBA_game_uXJ83idW9TTP1VYlCP40rzAY,2025-03-16 19:40:00,New,2025-05-27_02-30-13
4126713,172380,Bradley Beal,G,3.5,Rebounds,7,PHX,demon,NBA_game_uXJ83idW9TTP1VYlCP40rzAY,2025-03-16 19:40:00,New,2025-05-27_02-30-13
4126632,216776,Tyus Jones,G,11.5,Points,7,PHX,demon,NBA_game_uXJ83idW9TTP1VYlCP40rzAY,2025-03-16 19:40:00,New,2025-05-27_02-30-13
4126833,150853,Jaxson Hayes,C-F,7.5,Points,7,LAL,goblin,NBA_game_uXJ83idW9TTP1VYlCP40rzAY,2025-03-16 19:40:00,New,2025-05-27_02-30-13
4126715,172380,Bradley Beal,G,0.5,Steals,7,PHX,goblin,NBA_game_uXJ83idW9TTP1VYlCP40rzAY,2025-03-16 19:40:00,New,2025-05-27_02-30-13
4126629,216776,Tyus Jones,G,6.5,Assists,7,PHX,demon,NBA_game_uXJ83idW9TTP1VYlCP40rzAY,2025-03-16 19:40:00,New,2025-05-27_02-30-13
4126634,216776,Tyus Jones,G,2.5,Rebounds,7,PHX,demon,NBA_game_uXJ83idW9TTP1VYlCP40rzAY,2025-03-16 19:40:00,New,2025-05-27_02-30-13
4126846,150852,Gabe Vincent,G,0.5,Blocked Shots,7,LAL,demon,NBA_game_uXJ83idW9TTP1VYlCP40rzAY,2025-03-16 19:40:00,New,2025-05-27_02-30-13
4126873,55934,Austin Reaves,G,1.5,Steals,7,LAL,demon,NBA_game_uXJ83idW9TTP1VYlCP40rzAY,2025-03-16 19:40:00,New,2025-05-27_02-30-13
4126640,219060,Ryan Dunn,F,5.5,Points,7,PHX,goblin,NBA_game_uXJ83idW9TTP1VYlCP40rzAY,2025-03-16 19:40:00,New,2025-05-27_02-30-13
4126714,172380,Bradley Beal,G,4.5,Rebounds,7,PHX,demon,NBA_game_uXJ83idW9TTP1VYlCP40rzAY,2025-03-16 19:40:00,New,2025-05-27_02-30-13
4126650,187891,Royce O'Neale,F,0.5,Blocked Shots,7,PHX,demon,NBA_game_uXJ83idW9TTP1VYlCP40rzAY,2025-03-16 19:40:00,New,2025-05-27_02-30-13
4126692,188014,Devin Booker,G,5.5,Assists,7,PHX,goblin,NBA_game_uXJ83idW9TTP1VYlCP40rzAY,2025-03-16 19:40:00,New,2025-05-27_02-30-13
4126666,225340,Nick Richards,C,10.5,Rebounds,7,PHX,demon,NBA_game_uXJ83idW9TTP1VYlCP40rzAY,2025-03-16 19:40:00,New,2025-05-27_02-30-13
4126828,227710,Luka Dončić,F-G,12.5,Rebounds,7,LAL,demon,NBA_game_uXJ83idW9TTP1VYlCP40rzAY,2025-03-16 19:40:00,New,2025-05-27_02-30-13
4126709,172380,Bradley Beal,G,5.5,Assists,7,PHX,demon,NBA_game_uXJ83idW9TTP1VYlCP40rzAY,2025-03-16 19:40:00,New,2025-05-27_02-30-13
4126841,150853,Jaxson Hayes,C-F,0.5,Turnovers,7,LAL,goblin,NBA_game_uXJ83idW9TTP1VYlCP40rzAY,2025-03-16 19:40:00,New,2025-05-27_02-30-13
4126830,150853,Jaxson Hayes,C-F,1.5,Assists,7,LAL,demon,NBA_game_uXJ83idW9TTP1VYlCP40rzAY,2025-03-16 19:40:00,New,2025-05-27_02-30-13
4126868,55934,Austin Reaves,G,29.5,Points,7,LAL,demon,NBA_game_uXJ83idW9TTP1VYlCP40rzAY,2025-03-16 19:40:00,New,2025-05-27_02-30-13
4126642,219060,Ryan Dunn,F,11.5,Points,7,PHX,demon,NBA_game_uXJ83idW9TTP1VYlCP40rzAY,2025-03-16 19:40:00,New,2025-05-27_02-30-13
4126812,227710,Luka Dončić,F-G,2.5,3-PT Made,7,LAL,goblin,NBA_game_uXJ83idW9TTP1VYlCP40rzAY,2025-03-16 19:40:00,New,2025-05-27_02-30-13
4126676,188010,Kevin Durant,F,3.5,3-PT Made,7,PHX,demon,NBA_game_uXJ83idW9TTP1VYlCP40rzAY,2025-03-16 19:40:00,New,2025-05-27_02-30-13
4126712,172380,Bradley Beal,G,21.5,Points,7,PHX,demon,NBA_game_uXJ83idW9TTP1VYlCP40rzAY,2025-03-16 19:40:00,New,2025-05-27_02-30-13
4126667,225340,Nick Richards,C,11.5,Rebounds,7,PHX,demon,NBA_game_uXJ83idW9TTP1VYlCP40rzAY,2025-03-16 19:40:00,New,2025-05-27_02-30-13
4126862,55934,Austin Reaves,G,7.5,Assists,7,LAL,demon,NBA_game_uXJ83idW9TTP1VYlCP40rzAY,2025-03-16 19:40:00,New,2025-05-27_02-30-13
4126649,187891,Royce O'Neale,F,3.5,Assists,7,PHX,demon,NBA_game_uXJ83idW9TTP1VYlCP40rzAY,2025-03-16 19:40:00,New,2025-05-27_02-30-13
4126844,150852,Gabe Vincent,G,2.5,Assists,7,LAL,demon,NBA_game_uXJ83idW9TTP1VYlCP40rzAY,2025-03-16 19:40:00,New,2025-05-27_02-30-13
4126660,225340,Nick Richards,C,7.5,Points,7,PHX,goblin,NBA_game_uXJ83idW9TTP1VYlCP40rzAY,2025-03-16 19:40:00,New,2025-05-27_02-30-13
4126659,225340,Nick Richards,C,1.5,Blocked Shots,7,PHX,demon,NBA_game_uXJ83idW9TTP1VYlCP40rzAY,2025-03-16 19:40:00,New,2025-05-27_02-30-13
4126817,227710,Luka Dončić,F-G,10.5,Assists,7,LAL,demon,NBA_game_uXJ83idW9TTP1VYlCP40rzAY,2025-03-16 19:40:00,New,2025-05-27_02-30-13
4126852,223160,Dorian Finney-Smith,F,2.5,Assists,7,LAL,demon,NBA_game_uXJ83idW9TTP1VYlCP40rzAY,2025-03-16 19:40:00,New,2025-05-27_02-30-13
4126630,216776,Tyus Jones,G,4.5,Points,7,PHX,goblin,NBA_game_uXJ83idW9TTP1VYlCP40rzAY,2025-03-16 19:40:00,New,2025-05-27_02-30-13
4126848,150852,Gabe Vincent,G,1.5,Rebounds,7,LAL,goblin,NBA_game_uXJ83idW9TTP1VYlCP40rzAY,2025-03-16 19:40:00,New,2025-05-27_02-30-13
4126683,188010,Kevin Durant,F,44.5,Pts+Rebs+Asts,7,PHX,demon,NBA_game_uXJ83idW9TTP1VYlCP40rzAY,2025-03-16 19:40:00,New,2025-05-27_02-30-13
4126633,216776,Tyus Jones,G,19.5,Pts+Rebs+Asts,7,PHX,demon,NBA_game_uXJ83idW9TTP1VYlCP40rzAY,2025-03-16 19:40:00,New,2025-05-27_02-30-13
4126845,150852,Gabe Vincent,G,3.5,Assists,7,LAL,demon,NBA_game_uXJ83idW9TTP1VYlCP40rzAY,2025-03-16 19:40:00,New,2025-05-27_02-30-13
4126704,188014,Devin Booker,G,0.5,Steals,7,PHX,goblin,NBA_game_uXJ83idW9TTP1VYlCP40rzAY,2025-03-16 19:40:00,New,2025-05-27_02-30-13
4126826,227710,Luka Dončić,F-G,10.5,Rebounds,7,LAL,demon,NBA_game_uXJ83idW9TTP1VYlCP40rzAY,2025-03-16 19:40:00,New,2025-05-27_02-30-13
4126638,219060,Ryan Dunn,F,2.5,3-PT Made,7,PHX,demon,NBA_game_uXJ83idW9TTP1VYlCP40rzAY,2025-03-16 19:40:00,New,2025-05-27_02-30-13
4126856,223160,Dorian Finney-Smith,F,6.5,Rebounds,7,LAL,demon,NBA_game_uXJ83idW9TTP1VYlCP40rzAY,2025-03-16 19:40:00,New,2025-05-27_02-30-13
4126654,187891,Royce O'Neale,F,19.5,Pts+Rebs+Asts,7,PHX,demon,NBA_game_uXJ83idW9TTP1VYlCP40rzAY,2025-03-16 19:40:00,New,2025-05-27_02-30-13
4126643,219060,Ryan Dunn,F,14.5,Points,7,PHX,demon,NBA_game_uXJ83idW9TTP1VYlCP40rzAY,2025-03-16 19:40:00,New,2025-05-27_02-30-13
4126864,55934,Austin Reaves,G,0.5,Blocked Shots,7,LAL,demon,NBA_game_uXJ83idW9TTP1VYlCP40rzAY,2025-03-16 19:40:00,New,2025-05-27_02-30-13
4126823,227710,Luka Dončić,F-G,54.5,Pts+Rebs+Asts,7,LAL,demon,NBA_game_uXJ83idW9TTP1VYlCP40rzAY,2025-03-16 19:40:00,New,2025-05-27_02-30-13
4126872,55934,Austin Reaves,G,7.5,Rebounds,7,LAL,demon,NBA_game_uXJ83idW9TTP1VYlCP40rzAY,2025-03-16 19:40:00,New,2025-05-27_02-30-13
4126863,55934,Austin Reaves,G,8.5,Assists,7,LAL,demon,NBA_game_uXJ83idW9TTP1VYlCP40rzAY,2025-03-16 19:40:00,New,2025-05-27_02-30-13
4126851,223160,Dorian Finney-Smith,F,1.5,Assists,7,LAL,demon,NBA_game_uXJ83idW9TTP1VYlCP40rzAY,2025-03-16 19:40:00,New,2025-05-27_02-30-13
4126689,188014,Devin Booker,G,1.5,3-PT Made,7,PHX,goblin,NBA_game_uXJ83idW9TTP1VYlCP40rzAY,2025-03-16 19:40:00,New,2025-05-27_02-30-13
4126861,55934,Austin Reaves,G,4.5,Assists,7,LAL,goblin,NBA_game_uXJ83idW9TTP1VYlCP40rzAY,2025-03-16 19:40:00,New,2025-05-27_02-30-13
4126819,227710,Luka Dončić,F-G,0.5,Blocked Shots,7,LAL,demon,NBA_game_uXJ83idW9TTP1VYlCP40rzAY,2025-03-16 19:40:00,New,2025-05-27_02-30-13
4126678,188010,Kevin Durant,F,6.5,Assists,7,PHX,demon,NBA_game_uXJ83idW9TTP1VYlCP40rzAY,2025-03-16 19:40:00,New,2025-05-27_02-30-13
4126697,188014,Devin Booker,G,19.5,Points,7,PHX,goblin,NBA_game_uXJ83idW9TTP1VYlCP40rzAY,2025-03-16 19:40:00,New,2025-05-27_02-30-13
4126816,227710,Luka Dončić,F-G,9.5,Assists,7,LAL,demon,NBA_game_uXJ83idW9TTP1VYlCP40rzAY,2025-03-16 19:40:00,New,2025-05-27_02-30-13
4126702,188014,Devin Booker,G,2.5,Rebounds,7,PHX,goblin,NBA_game_uXJ83idW9TTP1VYlCP40rzAY,2025-03-16 19:40:00,New,2025-05-27_02-30-13
4126865,55934,Austin Reaves,G,17.5,Points,7,LAL,goblin,NBA_game_uXJ83idW9TTP1VYlCP40rzAY,2025-03-16 19:40:00,New,2025-05-27_02-30-13
4126694,188014,Devin Booker,G,8.5,Assists,7,PHX,demon,NBA_game_uXJ83idW9TTP1VYlCP40rzAY,2025-03-16 19:40:00,New,2025-05-27_02-30-13
4126871,55934,Austin Reaves,G,6.5,Rebounds,7,LAL,demon,NBA_game_uXJ83idW9TTP1VYlCP40rzAY,2025-03-16 19:40:00,New,2025-05-27_02-30-13
4126665,225340,Nick Richards,C,9.5,Rebounds,7,PHX,demon,NBA_game_uXJ83idW9TTP1VYlCP40rzAY,2025-03-16 19:40:00,New,2025-05-27_02-30-13
4126662,225340,Nick Richards,C,14.5,Points,7,PHX,demon,NBA_game_uXJ83idW9TTP1VYlCP40rzAY,2025-03-16 19:40:00,New,2025-05-27_02-30-13
4126859,55934,Austin Reaves,G,3.5,3-PT Made,7,LAL,demon,NBA_game_uXJ83idW9TTP1VYlCP40rzAY,2025-03-16 19:40:00,New,2025-05-27_02-30-13
4126839,150853,Jaxson Hayes,C-F,7.5,Rebounds,7,LAL,demon,NBA_game_uXJ83idW9TTP1VYlCP40rzAY,2025-03-16 19:40:00,New,2025-05-27_02-30-13
4126669,217515,Mason Plumlee,F-C,2.5,Assists,7,PHX,demon,NBA_game_uXJ83idW9TTP1VYlCP40rzAY,2025-03-16 19:40:00,New,2025-05-27_02-30-13
4126664,225340,Nick Richards,C,6.5,Rebounds,7,PHX,goblin,NBA_game_uXJ83idW9TTP1VYlCP40rzAY,2025-03-16 19:40:00,New,2025-05-27_02-30-13
4126670,217515,Mason Plumlee,F-C,4.5,Points,7,PHX,goblin,NBA_game_uXJ83idW9TTP1VYlCP40rzAY,2025-03-16 19:40:00,New,2025-05-27_02-30-13
4126687,188010,Kevin Durant,F,0.5,Steals,7,PHX,goblin,NBA_game_uXJ83idW9TTP1VYlCP40rzAY,2025-03-16 19:40:00,New,2025-05-27_02-30-13
4126818,227710,Luka Dončić,F-G,11.5,Assists,7,LAL,demon,NBA_game_uXJ83idW9TTP1VYlCP40rzAY,2025-03-16 19:40:00,New,2025-05-27_02-30-13
4126693,188014,Devin Booker,G,6.5,Assists,7,PHX,goblin,NBA_game_uXJ83idW9TTP1VYlCP40rzAY,2025-03-16 19:40:00,New,2025-05-27_02-30-13
4126829,227710,Luka Dončić,F-G,2.5,Steals,7,LAL,demon,NBA_game_uXJ83idW9TTP1VYlCP40rzAY,2025-03-16 19:40:00,New,2025-05-27_02-30-13
4126631,216776,Tyus Jones,G,9.5,Points,7,PHX,demon,NBA_game_uXJ83idW9TTP1VYlCP40rzAY,2025-03-16 19:40:00,New,2025-05-27_02-30-13
4126866,55934,Austin Reaves,G,19.5,Points,7,LAL,goblin,NBA_game_uXJ83idW9TTP1VYlCP40rzAY,2025-03-16 19:40:00,New,2025-05-27_02-30-13
4126699,188014,Devin Booker,G,34.5,Points,7,PHX,demon,NBA_game_uXJ83idW9TTP1VYlCP40rzAY,2025-03-16 19:40:00,New,2025-05-27_02-30-13
4126857,223160,Dorian Finney-Smith,F,0.5,Steals,7,LAL,goblin,NBA_game_uXJ83idW9TTP1VYlCP40rzAY,2025-03-16 19:40:00,New,2025-05-27_02-30-13
4126854,223160,Dorian Finney-Smith,F,2.5,Rebounds,7,LAL,goblin,NBA_game_uXJ83idW9TTP1VYlCP40rzAY,2025-03-16 19:40:00,New,2025-05-27_02-30-13
4126853,223160,Dorian Finney-Smith,F,0.5,Blocked Shots,7,LAL,demon,NBA_game_uXJ83idW9TTP1VYlCP40rzAY,2025-03-16 19:40:00,New,2025-05-27_02-30-13
4126847,150852,Gabe Vincent,G,14.5,Points,7,LAL,demon,NBA_game_uXJ83idW9TTP1VYlCP40rzAY,2025-03-16 19:40:00,New,2025-05-27_02-30-13
4126843,150852,Gabe Vincent,G,3.5,3-PT Made,7,LAL,demon,NBA_game_uXJ83idW9TTP1VYlCP40rzAY,2025-03-16 19:40:00,New,2025-05-27_02-30-13
4126840,150853,Jaxson Hayes,C-F,8.5,Rebounds,7,LAL,demon,NBA_game_uXJ83idW9TTP1VYlCP40rzAY,2025-03-16 19:40:00,New,2025-05-27_02-30-13
4126858,55934,Austin Reaves,G,2.5,3-PT Made,7,LAL,goblin,NBA_game_uXJ83idW9TTP1VYlCP40rzAY,2025-03-16 19:40:00,New,2025-05-27_02-30-13
4126644,219060,Ryan Dunn,F,3.5,Rebounds,7,PHX,goblin,NBA_game_uXJ83idW9TTP1VYlCP40rzAY,2025-03-16 19:40:00,New,2025-05-27_02-30-13
4126656,187891,Royce O'Neale,F,4.5,Rebounds,7,PHX,demon,NBA_game_uXJ83idW9TTP1VYlCP40rzAY,2025-03-16 19:40:00,New,2025-05-27_02-30-13
4126700,188014,Devin Booker,G,34.5,Pts+Rebs+Asts,7,PHX,goblin,NBA_game_uXJ83idW9TTP1VYlCP40rzAY,2025-03-16 19:40:00,New,2025-05-27_02-30-13
4126705,188014,Devin Booker,G,1.5,Steals,7,PHX,demon,NBA_game_uXJ83idW9TTP1VYlCP40rzAY,2025-03-16 19:40:00,New,2025-05-27_02-30-13
4126838,150853,Jaxson Hayes,C-F,4.5,Rebounds,7,LAL,goblin,NBA_game_uXJ83idW9TTP1VYlCP40rzAY,2025-03-16 19:40:00,New,2025-05-27_02-30-13
4126820,227710,Luka Dončić,F-G,29.5,Points,7,LAL,goblin,NBA_game_uXJ83idW9TTP1VYlCP40rzAY,2025-03-16 19:40:00,New,2025-05-27_02-30-13
4126641,219060,Ryan Dunn,F,7.5,Points,7,PHX,goblin,NBA_game_uXJ83idW9TTP1VYlCP40rzAY,2025-03-16 19:40:00,New,2025-05-27_02-30-13
4126682,188010,Kevin Durant,F,29.5,Points,7,PHX,demon,NBA_game_uXJ83idW9TTP1VYlCP40rzAY,2025-03-16 19:40:00,New,2025-05-27_02-30-13
4126855,223160,Dorian Finney-Smith,F,5.5,Rebounds,7,LAL,demon,NBA_game_uXJ83idW9TTP1VYlCP40rzAY,2025-03-16 19:40:00,New,2025-05-27_02-30-13
4126673,217515,Mason Plumlee,F-C,9.5,Rebounds,7,PHX,demon,NBA_game_uXJ83idW9TTP1VYlCP40rzAY,2025-03-16 19:40:00,New,2025-05-27_02-30-13
4126688,188010,Kevin Durant,F,1.5,Steals,7,PHX,demon,NBA_game_uXJ83idW9TTP1VYlCP40rzAY,2025-03-16 19:40:00,New,2025-05-27_02-30-13
4126860,55934,Austin Reaves,G,4.5,3-PT Made,7,LAL,demon,NBA_game_uXJ83idW9TTP1VYlCP40rzAY,2025-03-16 19:40:00,New,2025-05-27_02-30-13
4126706,172380,Bradley Beal,G,2.5,3-PT Made,7,PHX,demon,NBA_game_uXJ83idW9TTP1VYlCP40rzAY,2025-03-16 19:40:00,New,2025-05-27_02-30-13
4126831,150853,Jaxson Hayes,C-F,2.5,Assists,7,LAL,demon,NBA_game_uXJ83idW9TTP1VYlCP40rzAY,2025-03-16 19:40:00,New,2025-05-27_02-30-13
4126842,150852,Gabe Vincent,G,1.5,3-PT Made,7,LAL,goblin,NBA_game_uXJ83idW9TTP1VYlCP40rzAY,2025-03-16 19:40:00,New,2025-05-27_02-30-13
4126637,219060,Ryan Dunn,F,0.5,3-PT Made,7,PHX,goblin,NBA_game_uXJ83idW9TTP1VYlCP40rzAY,2025-03-16 19:40:00,New,2025-05-27_02-30-13
4126836,150853,Jaxson Hayes,C-F,14.5,Points,7,LAL,demon,NBA_game_uXJ83idW9TTP1VYlCP40rzAY,2025-03-16 19:40:00,New,2025-05-27_02-30-13
4126661,225340,Nick Richards,C,11.5,Points,7,PHX,demon,NBA_game_uXJ83idW9TTP1VYlCP40rzAY,2025-03-16 19:40:00,New,2025-05-27_02-30-13
4126672,217515,Mason Plumlee,F-C,4.5,Rebounds,7,PHX,goblin,NBA_game_uXJ83idW9TTP1VYlCP40rzAY,2025-03-16 19:40:00,New,2025-05-27_02-30-13
4126849,150852,Gabe Vincent,G,2.5,Rebounds,7,LAL,demon,NBA_game_uXJ83idW9TTP1VYlCP40rzAY,2025-03-16 19:40:00,New,2025-05-27_02-30-13
4126663,225340,Nick Richards,C,5.5,Rebounds,7,PHX,goblin,NBA_game_uXJ83idW9TTP1VYlCP40rzAY,2025-03-16 19:40:00,New,2025-05-27_02-30-13
4126681,188010,Kevin Durant,F,19.5,Points,7,PHX,goblin,NBA_game_uXJ83idW9TTP1VYlCP40rzAY,2025-03-16 19:40:00,New,2025-05-27_02-30-13
4124808,10818,Anfernee Simons,G,23.5,Points,7,POR,standard,NBA_game_mb0QODjWC6nav16F2vxdkQhT,2025-03-16 22:10:00,New,2025-05-27_02-30-13
4124865,10818,Anfernee Simons,G,31.5,Pts+Rebs+Asts,7,POR,standard,NBA_game_mb0QODjWC6nav16F2vxdkQhT,2025-03-16 22:10:00,New,2025-05-27_02-30-13
4124913,10818,Anfernee Simons,G,26.5,Pts+Rebs,7,POR,standard,NBA_game_mb0QODjWC6nav16F2vxdkQhT,2025-03-16 22:10:00,New,2025-05-27_02-30-13
4124935,10818,Anfernee Simons,G,8.0,Rebs+Asts,7,POR,standard,NBA_game_mb0QODjWC6nav16F2vxdkQhT,2025-03-16 22:10:00,New,2025-05-27_02-30-13
4124919,10818,Anfernee Simons,G,28.5,Pts+Asts,7,POR,standard,NBA_game_mb0QODjWC6nav16F2vxdkQhT,2025-03-16 22:10:00,New,2025-05-27_02-30-13
4124809,96540,Jakob Poeltl,C,12.0,Points,7,TOR,standard,NBA_game_mb0QODjWC6nav16F2vxdkQhT,2025-03-16 22:10:00,New,2025-05-27_02-30-13
4124914,96540,Jakob Poeltl,C,19.5,Pts+Rebs,7,TOR,standard,NBA_game_mb0QODjWC6nav16F2vxdkQhT,2025-03-16 22:10:00,New,2025-05-27_02-30-13
4124866,96540,Jakob Poeltl,C,22.0,Pts+Rebs+Asts,7,TOR,standard,NBA_game_mb0QODjWC6nav16F2vxdkQhT,2025-03-16 22:10:00,New,2025-05-27_02-30-13
4124920,96540,Jakob Poeltl,C,14.5,Pts+Asts,7,TOR,standard,NBA_game_mb0QODjWC6nav16F2vxdkQhT,2025-03-16 22:10:00,New,2025-05-27_02-30-13
4124915,216763,Deni Avdija,F,29.0,Pts+Rebs,7,POR,standard,NBA_game_mb0QODjWC6nav16F2vxdkQhT,2025-03-16 22:10:00,New,2025-05-27_02-30-13
4124867,216763,Deni Avdija,F,33.5,Pts+Rebs+Asts,7,POR,standard,NBA_game_mb0QODjWC6nav16F2vxdkQhT,2025-03-16 22:10:00,New,2025-05-27_02-30-13
4124921,216763,Deni Avdija,F,25.0,Pts+Asts,7,POR,standard,NBA_game_mb0QODjWC6nav16F2vxdkQhT,2025-03-16 22:10:00,New,2025-05-27_02-30-13
4124810,216763,Deni Avdija,F,20.5,Points,7,POR,standard,NBA_game_mb0QODjWC6nav16F2vxdkQhT,2025-03-16 22:10:00,New,2025-05-27_02-30-13
4124942,216763,Deni Avdija,F,1.5,Blks+Stls,7,POR,standard,NBA_game_mb0QODjWC6nav16F2vxdkQhT,2025-03-16 22:10:00,New,2025-05-27_02-30-13
4124937,216763,Deni Avdija,F,12.5,Rebs+Asts,7,POR,standard,NBA_game_mb0QODjWC6nav16F2vxdkQhT,2025-03-16 22:10:00,New,2025-05-27_02-30-13
4124844,216763,Deni Avdija,F,8.0,Rebounds,7,POR,standard,NBA_game_mb0QODjWC6nav16F2vxdkQhT,2025-03-16 22:10:00,New,2025-05-27_02-30-13
4124916,183185,RJ Barrett,F-G,23.5,Pts+Rebs,7,TOR,standard,NBA_game_mb0QODjWC6nav16F2vxdkQhT,2025-03-16 22:10:00,New,2025-05-27_02-30-13
4124922,183185,RJ Barrett,F-G,22.5,Pts+Asts,7,TOR,standard,NBA_game_mb0QODjWC6nav16F2vxdkQhT,2025-03-16 22:10:00,New,2025-05-27_02-30-13
4124938,183185,RJ Barrett,F-G,9.5,Rebs+Asts,7,TOR,standard,NBA_game_mb0QODjWC6nav16F2vxdkQhT,2025-03-16 22:10:00,New,2025-05-27_02-30-13
4124868,183185,RJ Barrett,F-G,28.5,Pts+Rebs+Asts,7,TOR,standard,NBA_game_mb0QODjWC6nav16F2vxdkQhT,2025-03-16 22:10:00,New,2025-05-27_02-30-13
4124859,183185,RJ Barrett,F-G,4.5,Assists,7,TOR,standard,NBA_game_mb0QODjWC6nav16F2vxdkQhT,2025-03-16 22:10:00,New,2025-05-27_02-30-13
4124811,183185,RJ Barrett,F-G,18.5,Points,7,TOR,standard,NBA_game_mb0QODjWC6nav16F2vxdkQhT,2025-03-16 22:10:00,New,2025-05-27_02-30-13
4124812,219067,Donovan Clingan,C,9.5,Points,7,POR,standard,NBA_game_mb0QODjWC6nav16F2vxdkQhT,2025-03-16 22:10:00,New,2025-05-27_02-30-13
4124846,219067,Donovan Clingan,C,10.0,Rebounds,7,POR,standard,NBA_game_mb0QODjWC6nav16F2vxdkQhT,2025-03-16 22:10:00,New,2025-05-27_02-30-13
4124939,219067,Donovan Clingan,C,11.0,Rebs+Asts,7,POR,standard,NBA_game_mb0QODjWC6nav16F2vxdkQhT,2025-03-16 22:10:00,New,2025-05-27_02-30-13
4124917,219067,Donovan Clingan,C,19.5,Pts+Rebs,7,POR,standard,NBA_game_mb0QODjWC6nav16F2vxdkQhT,2025-03-16 22:10:00,New,2025-05-27_02-30-13
4124860,219067,Donovan Clingan,C,1.5,Assists,7,POR,standard,NBA_game_mb0QODjWC6nav16F2vxdkQhT,2025-03-16 22:10:00,New,2025-05-27_02-30-13
4124923,219067,Donovan Clingan,C,11.5,Pts+Asts,7,POR,standard,NBA_game_mb0QODjWC6nav16F2vxdkQhT,2025-03-16 22:10:00,New,2025-05-27_02-30-13
4124869,219067,Donovan Clingan,C,21.5,Pts+Rebs+Asts,7,POR,standard,NBA_game_mb0QODjWC6nav16F2vxdkQhT,2025-03-16 22:10:00,New,2025-05-27_02-30-13
4126321,188002,Scottie Barnes,F-G,30.0,Pts+Rebs+Asts,7,TOR,standard,NBA_game_mb0QODjWC6nav16F2vxdkQhT,2025-03-16 22:10:00,New,2025-05-27_02-30-13
4124940,175130,Toumani Camara,F,7.5,Rebs+Asts,7,POR,standard,NBA_game_mb0QODjWC6nav16F2vxdkQhT,2025-03-16 22:10:00,New,2025-05-27_02-30-13
4126328,188002,Scottie Barnes,F-G,6.5,Rebounds,7,TOR,standard,NBA_game_mb0QODjWC6nav16F2vxdkQhT,2025-03-16 22:10:00,New,2025-05-27_02-30-13
4124813,175130,Toumani Camara,F,11.5,Points,7,POR,standard,NBA_game_mb0QODjWC6nav16F2vxdkQhT,2025-03-16 22:10:00,New,2025-05-27_02-30-13
4126331,188002,Scottie Barnes,F-G,23.5,Pts+Asts,7,TOR,standard,NBA_game_mb0QODjWC6nav16F2vxdkQhT,2025-03-16 22:10:00,New,2025-05-27_02-30-13
4126332,188002,Scottie Barnes,F-G,11.0,Rebs+Asts,7,TOR,standard,NBA_game_mb0QODjWC6nav16F2vxdkQhT,2025-03-16 22:10:00,New,2025-05-27_02-30-13
4126320,188002,Scottie Barnes,F-G,18.5,Points,7,TOR,standard,NBA_game_mb0QODjWC6nav16F2vxdkQhT,2025-03-16 22:10:00,New,2025-05-27_02-30-13
4126330,188002,Scottie Barnes,F-G,25.5,Pts+Rebs,7,TOR,standard,NBA_game_mb0QODjWC6nav16F2vxdkQhT,2025-03-16 22:10:00,New,2025-05-27_02-30-13
4124870,175130,Toumani Camara,F,19.5,Pts+Rebs+Asts,7,POR,standard,NBA_game_mb0QODjWC6nav16F2vxdkQhT,2025-03-16 22:10:00,New,2025-05-27_02-30-13
4124847,175130,Toumani Camara,F,5.5,Rebounds,7,POR,standard,NBA_game_mb0QODjWC6nav16F2vxdkQhT,2025-03-16 22:10:00,New,2025-05-27_02-30-13
4124924,175130,Toumani Camara,F,13.5,Pts+Asts,7,POR,standard,NBA_game_mb0QODjWC6nav16F2vxdkQhT,2025-03-16 22:10:00,New,2025-05-27_02-30-13
4124918,175130,Toumani Camara,F,17.0,Pts+Rebs,7,POR,standard,NBA_game_mb0QODjWC6nav16F2vxdkQhT,2025-03-16 22:10:00,New,2025-05-27_02-30-13
4124941,175130,Toumani Camara,F,1.5,Steals,7,POR,standard,NBA_game_mb0QODjWC6nav16F2vxdkQhT,2025-03-16 22:10:00,New,2025-05-27_02-30-13
4126315,88082,Shaedon Sharpe,G,24.5,Pts+Rebs,7,POR,standard,NBA_game_mb0QODjWC6nav16F2vxdkQhT,2025-03-16 22:10:00,New,2025-05-27_02-30-13
4126266,88082,Shaedon Sharpe,G,19.5,Points,7,POR,standard,NBA_game_mb0QODjWC6nav16F2vxdkQhT,2025-03-16 22:10:00,New,2025-05-27_02-30-13
4126314,88082,Shaedon Sharpe,G,4.5,Rebounds,7,POR,standard,NBA_game_mb0QODjWC6nav16F2vxdkQhT,2025-03-16 22:10:00,New,2025-05-27_02-30-13
4126316,88082,Shaedon Sharpe,G,23.5,Pts+Asts,7,POR,standard,NBA_game_mb0QODjWC6nav16F2vxdkQhT,2025-03-16 22:10:00,New,2025-05-27_02-30-13
4126267,88082,Shaedon Sharpe,G,27.5,Pts+Rebs+Asts,7,POR,standard,NBA_game_mb0QODjWC6nav16F2vxdkQhT,2025-03-16 22:10:00,New,2025-05-27_02-30-13
4126927,175130,Toumani Camara,F,7.5,Rebounds,7,POR,demon,NBA_game_mb0QODjWC6nav16F2vxdkQhT,2025-03-16 22:10:00,New,2025-05-27_02-30-13
4126881,188002,Scottie Barnes,F-G,24.5,Points,7,TOR,demon,NBA_game_mb0QODjWC6nav16F2vxdkQhT,2025-03-16 22:10:00,New,2025-05-27_02-30-13
4126886,188002,Scottie Barnes,F-G,9.5,Rebounds,7,TOR,demon,NBA_game_mb0QODjWC6nav16F2vxdkQhT,2025-03-16 22:10:00,New,2025-05-27_02-30-13
4126914,96540,Jakob Poeltl,C,1.5,Steals,7,TOR,demon,NBA_game_mb0QODjWC6nav16F2vxdkQhT,2025-03-16 22:10:00,New,2025-05-27_02-30-13
4126928,88082,Shaedon Sharpe,G,1.5,3-PT Made,7,POR,goblin,NBA_game_mb0QODjWC6nav16F2vxdkQhT,2025-03-16 22:10:00,New,2025-05-27_02-30-13
4126944,219067,Donovan Clingan,C,7.5,Points,7,POR,goblin,NBA_game_mb0QODjWC6nav16F2vxdkQhT,2025-03-16 22:10:00,New,2025-05-27_02-30-13
4126967,10818,Anfernee Simons,G,2.5,3-PT Made,7,POR,goblin,NBA_game_mb0QODjWC6nav16F2vxdkQhT,2025-03-16 22:10:00,New,2025-05-27_02-30-13
4126879,188002,Scottie Barnes,F-G,14.5,Points,7,TOR,goblin,NBA_game_mb0QODjWC6nav16F2vxdkQhT,2025-03-16 22:10:00,New,2025-05-27_02-30-13
4126916,175130,Toumani Camara,F,2.5,3-PT Made,7,POR,demon,NBA_game_mb0QODjWC6nav16F2vxdkQhT,2025-03-16 22:10:00,New,2025-05-27_02-30-13
4126953,216763,Deni Avdija,F,2.5,3-PT Made,7,POR,demon,NBA_game_mb0QODjWC6nav16F2vxdkQhT,2025-03-16 22:10:00,New,2025-05-27_02-30-13
4126878,188002,Scottie Barnes,F-G,7.5,Assists,7,TOR,demon,NBA_game_mb0QODjWC6nav16F2vxdkQhT,2025-03-16 22:10:00,New,2025-05-27_02-30-13
4126882,188002,Scottie Barnes,F-G,4.5,Rebounds,7,TOR,goblin,NBA_game_mb0QODjWC6nav16F2vxdkQhT,2025-03-16 22:10:00,New,2025-05-27_02-30-13
4126917,175130,Toumani Camara,F,1.5,Assists,7,POR,goblin,NBA_game_mb0QODjWC6nav16F2vxdkQhT,2025-03-16 22:10:00,New,2025-05-27_02-30-13
4126906,96540,Jakob Poeltl,C,9.5,Points,7,TOR,goblin,NBA_game_mb0QODjWC6nav16F2vxdkQhT,2025-03-16 22:10:00,New,2025-05-27_02-30-13
4126971,10818,Anfernee Simons,G,5.5,Assists,7,POR,demon,NBA_game_mb0QODjWC6nav16F2vxdkQhT,2025-03-16 22:10:00,New,2025-05-27_02-30-13
4126955,216763,Deni Avdija,F,5.5,Assists,7,POR,demon,NBA_game_mb0QODjWC6nav16F2vxdkQhT,2025-03-16 22:10:00,New,2025-05-27_02-30-13
4126915,175130,Toumani Camara,F,0.5,3-PT Made,7,POR,goblin,NBA_game_mb0QODjWC6nav16F2vxdkQhT,2025-03-16 22:10:00,New,2025-05-27_02-30-13
4126962,216763,Deni Avdija,F,6.5,Rebounds,7,POR,goblin,NBA_game_mb0QODjWC6nav16F2vxdkQhT,2025-03-16 22:10:00,New,2025-05-27_02-30-13
4126923,175130,Toumani Camara,F,17.5,Points,7,POR,demon,NBA_game_mb0QODjWC6nav16F2vxdkQhT,2025-03-16 22:10:00,New,2025-05-27_02-30-13
4126942,219067,Donovan Clingan,C,1.5,Blocked Shots,7,POR,goblin,NBA_game_mb0QODjWC6nav16F2vxdkQhT,2025-03-16 22:10:00,New,2025-05-27_02-30-13
4126974,10818,Anfernee Simons,G,19.5,Points,7,POR,goblin,NBA_game_mb0QODjWC6nav16F2vxdkQhT,2025-03-16 22:10:00,New,2025-05-27_02-30-13
4126978,10818,Anfernee Simons,G,4.5,Rebounds,7,POR,demon,NBA_game_mb0QODjWC6nav16F2vxdkQhT,2025-03-16 22:10:00,New,2025-05-27_02-30-13
4126961,216763,Deni Avdija,F,44.5,Pts+Rebs+Asts,7,POR,demon,NBA_game_mb0QODjWC6nav16F2vxdkQhT,2025-03-16 22:10:00,New,2025-05-27_02-30-13
4126975,10818,Anfernee Simons,G,29.5,Points,7,POR,demon,NBA_game_mb0QODjWC6nav16F2vxdkQhT,2025-03-16 22:10:00,New,2025-05-27_02-30-13
4126937,88082,Shaedon Sharpe,G,5.5,Rebounds,7,POR,demon,NBA_game_mb0QODjWC6nav16F2vxdkQhT,2025-03-16 22:10:00,New,2025-05-27_02-30-13
4126929,88082,Shaedon Sharpe,G,3.5,3-PT Made,7,POR,demon,NBA_game_mb0QODjWC6nav16F2vxdkQhT,2025-03-16 22:10:00,New,2025-05-27_02-30-13
4126949,219067,Donovan Clingan,C,11.5,Rebounds,7,POR,demon,NBA_game_mb0QODjWC6nav16F2vxdkQhT,2025-03-16 22:10:00,New,2025-05-27_02-30-13
4126920,175130,Toumani Camara,F,7.5,Points,7,POR,goblin,NBA_game_mb0QODjWC6nav16F2vxdkQhT,2025-03-16 22:10:00,New,2025-05-27_02-30-13
4126904,96540,Jakob Poeltl,C,0.5,Blocked Shots,7,TOR,goblin,NBA_game_mb0QODjWC6nav16F2vxdkQhT,2025-03-16 22:10:00,New,2025-05-27_02-30-13
4126925,175130,Toumani Camara,F,4.5,Rebounds,7,POR,goblin,NBA_game_mb0QODjWC6nav16F2vxdkQhT,2025-03-16 22:10:00,New,2025-05-27_02-30-13
4126874,188002,Scottie Barnes,F-G,1.5,3-PT Made,7,TOR,demon,NBA_game_mb0QODjWC6nav16F2vxdkQhT,2025-03-16 22:10:00,New,2025-05-27_02-30-13
4126966,216763,Deni Avdija,F,1.5,Steals,7,POR,demon,NBA_game_mb0QODjWC6nav16F2vxdkQhT,2025-03-16 22:10:00,New,2025-05-27_02-30-13
4126903,96540,Jakob Poeltl,C,3.5,Assists,7,TOR,demon,NBA_game_mb0QODjWC6nav16F2vxdkQhT,2025-03-16 22:10:00,New,2025-05-27_02-30-13
4126926,175130,Toumani Camara,F,6.5,Rebounds,7,POR,demon,NBA_game_mb0QODjWC6nav16F2vxdkQhT,2025-03-16 22:10:00,New,2025-05-27_02-30-13
4126883,188002,Scottie Barnes,F-G,5.5,Rebounds,7,TOR,goblin,NBA_game_mb0QODjWC6nav16F2vxdkQhT,2025-03-16 22:10:00,New,2025-05-27_02-30-13
4126943,219067,Donovan Clingan,C,3.5,Blocked Shots,7,POR,demon,NBA_game_mb0QODjWC6nav16F2vxdkQhT,2025-03-16 22:10:00,New,2025-05-27_02-30-13
4126921,175130,Toumani Camara,F,9.5,Points,7,POR,goblin,NBA_game_mb0QODjWC6nav16F2vxdkQhT,2025-03-16 22:10:00,New,2025-05-27_02-30-13
4126957,216763,Deni Avdija,F,0.5,Blocked Shots,7,POR,demon,NBA_game_mb0QODjWC6nav16F2vxdkQhT,2025-03-16 22:10:00,New,2025-05-27_02-30-13
4126931,88082,Shaedon Sharpe,G,4.5,Assists,7,POR,demon,NBA_game_mb0QODjWC6nav16F2vxdkQhT,2025-03-16 22:10:00,New,2025-05-27_02-30-13
4126951,219067,Donovan Clingan,C,13.5,Rebounds,7,POR,demon,NBA_game_mb0QODjWC6nav16F2vxdkQhT,2025-03-16 22:10:00,New,2025-05-27_02-30-13
4126970,10818,Anfernee Simons,G,3.5,Assists,7,POR,goblin,NBA_game_mb0QODjWC6nav16F2vxdkQhT,2025-03-16 22:10:00,New,2025-05-27_02-30-13
4126954,216763,Deni Avdija,F,3.5,Assists,7,POR,goblin,NBA_game_mb0QODjWC6nav16F2vxdkQhT,2025-03-16 22:10:00,New,2025-05-27_02-30-13
4126938,88082,Shaedon Sharpe,G,6.5,Rebounds,7,POR,demon,NBA_game_mb0QODjWC6nav16F2vxdkQhT,2025-03-16 22:10:00,New,2025-05-27_02-30-13
4126919,175130,Toumani Camara,F,3.5,Assists,7,POR,demon,NBA_game_mb0QODjWC6nav16F2vxdkQhT,2025-03-16 22:10:00,New,2025-05-27_02-30-13
4126979,10818,Anfernee Simons,G,1.5,Steals,7,POR,demon,NBA_game_mb0QODjWC6nav16F2vxdkQhT,2025-03-16 22:10:00,New,2025-05-27_02-30-13
4126910,96540,Jakob Poeltl,C,6.5,Rebounds,7,TOR,goblin,NBA_game_mb0QODjWC6nav16F2vxdkQhT,2025-03-16 22:10:00,New,2025-05-27_02-30-13
4126898,183185,RJ Barrett,F-G,4.5,Rebounds,7,TOR,goblin,NBA_game_mb0QODjWC6nav16F2vxdkQhT,2025-03-16 22:10:00,New,2025-05-27_02-30-13
4126940,219067,Donovan Clingan,C,0.5,3-PT Made,7,POR,demon,NBA_game_mb0QODjWC6nav16F2vxdkQhT,2025-03-16 22:10:00,New,2025-05-27_02-30-13
4126968,10818,Anfernee Simons,G,4.5,3-PT Made,7,POR,demon,NBA_game_mb0QODjWC6nav16F2vxdkQhT,2025-03-16 22:10:00,New,2025-05-27_02-30-13
4126907,96540,Jakob Poeltl,C,14.5,Points,7,TOR,demon,NBA_game_mb0QODjWC6nav16F2vxdkQhT,2025-03-16 22:10:00,New,2025-05-27_02-30-13
4126936,88082,Shaedon Sharpe,G,3.5,Rebounds,7,POR,goblin,NBA_game_mb0QODjWC6nav16F2vxdkQhT,2025-03-16 22:10:00,New,2025-05-27_02-30-13
4126905,96540,Jakob Poeltl,C,1.5,Blocked Shots,7,TOR,demon,NBA_game_mb0QODjWC6nav16F2vxdkQhT,2025-03-16 22:10:00,New,2025-05-27_02-30-13
4126952,219067,Donovan Clingan,C,0.5,Steals,7,POR,goblin,NBA_game_mb0QODjWC6nav16F2vxdkQhT,2025-03-16 22:10:00,New,2025-05-27_02-30-13
4126945,219067,Donovan Clingan,C,11.5,Points,7,POR,demon,NBA_game_mb0QODjWC6nav16F2vxdkQhT,2025-03-16 22:10:00,New,2025-05-27_02-30-13
4126924,175130,Toumani Camara,F,3.5,Rebounds,7,POR,goblin,NBA_game_mb0QODjWC6nav16F2vxdkQhT,2025-03-16 22:10:00,New,2025-05-27_02-30-13
4126963,216763,Deni Avdija,F,7.5,Rebounds,7,POR,goblin,NBA_game_mb0QODjWC6nav16F2vxdkQhT,2025-03-16 22:10:00,New,2025-05-27_02-30-13
4126900,183185,RJ Barrett,F-G,7.5,Rebounds,7,TOR,demon,NBA_game_mb0QODjWC6nav16F2vxdkQhT,2025-03-16 22:10:00,New,2025-05-27_02-30-13
4126884,188002,Scottie Barnes,F-G,7.5,Rebounds,7,TOR,demon,NBA_game_mb0QODjWC6nav16F2vxdkQhT,2025-03-16 22:10:00,New,2025-05-27_02-30-13
4126956,216763,Deni Avdija,F,6.5,Assists,7,POR,demon,NBA_game_mb0QODjWC6nav16F2vxdkQhT,2025-03-16 22:10:00,New,2025-05-27_02-30-13
4126911,96540,Jakob Poeltl,C,9.5,Rebounds,7,TOR,demon,NBA_game_mb0QODjWC6nav16F2vxdkQhT,2025-03-16 22:10:00,New,2025-05-27_02-30-13
4126922,175130,Toumani Camara,F,14.5,Points,7,POR,demon,NBA_game_mb0QODjWC6nav16F2vxdkQhT,2025-03-16 22:10:00,New,2025-05-27_02-30-13
4126934,88082,Shaedon Sharpe,G,17.5,Points,7,POR,goblin,NBA_game_mb0QODjWC6nav16F2vxdkQhT,2025-03-16 22:10:00,New,2025-05-27_02-30-13
4126965,216763,Deni Avdija,F,11.5,Rebounds,7,POR,demon,NBA_game_mb0QODjWC6nav16F2vxdkQhT,2025-03-16 22:10:00,New,2025-05-27_02-30-13
4126972,10818,Anfernee Simons,G,6.5,Assists,7,POR,demon,NBA_game_mb0QODjWC6nav16F2vxdkQhT,2025-03-16 22:10:00,New,2025-05-27_02-30-13
4126935,88082,Shaedon Sharpe,G,24.5,Points,7,POR,demon,NBA_game_mb0QODjWC6nav16F2vxdkQhT,2025-03-16 22:10:00,New,2025-05-27_02-30-13
4126897,183185,RJ Barrett,F-G,3.5,Rebounds,7,TOR,goblin,NBA_game_mb0QODjWC6nav16F2vxdkQhT,2025-03-16 22:10:00,New,2025-05-27_02-30-13
4126877,188002,Scottie Barnes,F-G,6.5,Assists,7,TOR,demon,NBA_game_mb0QODjWC6nav16F2vxdkQhT,2025-03-16 22:10:00,New,2025-05-27_02-30-13
4126889,183185,RJ Barrett,F-G,6.5,Assists,7,TOR,demon,NBA_game_mb0QODjWC6nav16F2vxdkQhT,2025-03-16 22:10:00,New,2025-05-27_02-30-13
4126894,183185,RJ Barrett,F-G,24.5,Points,7,TOR,demon,NBA_game_mb0QODjWC6nav16F2vxdkQhT,2025-03-16 22:10:00,New,2025-05-27_02-30-13
4126893,183185,RJ Barrett,F-G,17.5,Points,7,TOR,goblin,NBA_game_mb0QODjWC6nav16F2vxdkQhT,2025-03-16 22:10:00,New,2025-05-27_02-30-13
4126913,96540,Jakob Poeltl,C,11.5,Rebounds,7,TOR,demon,NBA_game_mb0QODjWC6nav16F2vxdkQhT,2025-03-16 22:10:00,New,2025-05-27_02-30-13
4126912,96540,Jakob Poeltl,C,10.5,Rebounds,7,TOR,demon,NBA_game_mb0QODjWC6nav16F2vxdkQhT,2025-03-16 22:10:00,New,2025-05-27_02-30-13
4126909,96540,Jakob Poeltl,C,5.5,Rebounds,7,TOR,goblin,NBA_game_mb0QODjWC6nav16F2vxdkQhT,2025-03-16 22:10:00,New,2025-05-27_02-30-13
4126899,183185,RJ Barrett,F-G,6.5,Rebounds,7,TOR,demon,NBA_game_mb0QODjWC6nav16F2vxdkQhT,2025-03-16 22:10:00,New,2025-05-27_02-30-13
4126976,10818,Anfernee Simons,G,29.5,Pts+Rebs+Asts,7,POR,goblin,NBA_game_mb0QODjWC6nav16F2vxdkQhT,2025-03-16 22:10:00,New,2025-05-27_02-30-13
4126947,219067,Donovan Clingan,C,24.5,Pts+Rebs+Asts,7,POR,demon,NBA_game_mb0QODjWC6nav16F2vxdkQhT,2025-03-16 22:10:00,New,2025-05-27_02-30-13
4126875,188002,Scottie Barnes,F-G,3.5,Assists,7,TOR,goblin,NBA_game_mb0QODjWC6nav16F2vxdkQhT,2025-03-16 22:10:00,New,2025-05-27_02-30-13
4126959,216763,Deni Avdija,F,24.5,Points,7,POR,demon,NBA_game_mb0QODjWC6nav16F2vxdkQhT,2025-03-16 22:10:00,New,2025-05-27_02-30-13
4126933,88082,Shaedon Sharpe,G,14.5,Points,7,POR,goblin,NBA_game_mb0QODjWC6nav16F2vxdkQhT,2025-03-16 22:10:00,New,2025-05-27_02-30-13
4126941,219067,Donovan Clingan,C,2.5,Assists,7,POR,demon,NBA_game_mb0QODjWC6nav16F2vxdkQhT,2025-03-16 22:10:00,New,2025-05-27_02-30-13
4126958,216763,Deni Avdija,F,19.5,Points,7,POR,goblin,NBA_game_mb0QODjWC6nav16F2vxdkQhT,2025-03-16 22:10:00,New,2025-05-27_02-30-13
4126876,188002,Scottie Barnes,F-G,5.5,Assists,7,TOR,demon,NBA_game_mb0QODjWC6nav16F2vxdkQhT,2025-03-16 22:10:00,New,2025-05-27_02-30-13
4126890,183185,RJ Barrett,F-G,7.5,Assists,7,TOR,demon,NBA_game_mb0QODjWC6nav16F2vxdkQhT,2025-03-16 22:10:00,New,2025-05-27_02-30-13
4126932,88082,Shaedon Sharpe,G,0.5,Blocked Shots,7,POR,demon,NBA_game_mb0QODjWC6nav16F2vxdkQhT,2025-03-16 22:10:00,New,2025-05-27_02-30-13
4126973,10818,Anfernee Simons,G,0.5,Blocked Shots,7,POR,demon,NBA_game_mb0QODjWC6nav16F2vxdkQhT,2025-03-16 22:10:00,New,2025-05-27_02-30-13
4126930,88082,Shaedon Sharpe,G,2.5,Assists,7,POR,goblin,NBA_game_mb0QODjWC6nav16F2vxdkQhT,2025-03-16 22:10:00,New,2025-05-27_02-30-13
4126964,216763,Deni Avdija,F,10.5,Rebounds,7,POR,demon,NBA_game_mb0QODjWC6nav16F2vxdkQhT,2025-03-16 22:10:00,New,2025-05-27_02-30-13
4126885,188002,Scottie Barnes,F-G,8.5,Rebounds,7,TOR,demon,NBA_game_mb0QODjWC6nav16F2vxdkQhT,2025-03-16 22:10:00,New,2025-05-27_02-30-13
4126880,188002,Scottie Barnes,F-G,17.5,Points,7,TOR,goblin,NBA_game_mb0QODjWC6nav16F2vxdkQhT,2025-03-16 22:10:00,New,2025-05-27_02-30-13
4126896,183185,RJ Barrett,F-G,34.5,Pts+Rebs+Asts,7,TOR,demon,NBA_game_mb0QODjWC6nav16F2vxdkQhT,2025-03-16 22:10:00,New,2025-05-27_02-30-13
4126939,88082,Shaedon Sharpe,G,0.5,Steals,7,POR,goblin,NBA_game_mb0QODjWC6nav16F2vxdkQhT,2025-03-16 22:10:00,New,2025-05-27_02-30-13
4126918,175130,Toumani Camara,F,2.5,Assists,7,POR,demon,NBA_game_mb0QODjWC6nav16F2vxdkQhT,2025-03-16 22:10:00,New,2025-05-27_02-30-13
4126901,183185,RJ Barrett,F-G,0.5,Steals,7,TOR,goblin,NBA_game_mb0QODjWC6nav16F2vxdkQhT,2025-03-16 22:10:00,New,2025-05-27_02-30-13
4126950,219067,Donovan Clingan,C,12.5,Rebounds,7,POR,demon,NBA_game_mb0QODjWC6nav16F2vxdkQhT,2025-03-16 22:10:00,New,2025-05-27_02-30-13
4126908,96540,Jakob Poeltl,C,17.5,Points,7,TOR,demon,NBA_game_mb0QODjWC6nav16F2vxdkQhT,2025-03-16 22:10:00,New,2025-05-27_02-30-13
4126888,183185,RJ Barrett,F-G,3.5,Assists,7,TOR,goblin,NBA_game_mb0QODjWC6nav16F2vxdkQhT,2025-03-16 22:10:00,New,2025-05-27_02-30-13
4126887,183185,RJ Barrett,F-G,2.5,3-PT Made,7,TOR,demon,NBA_game_mb0QODjWC6nav16F2vxdkQhT,2025-03-16 22:10:00,New,2025-05-27_02-30-13
4126948,219067,Donovan Clingan,C,7.5,Rebounds,7,POR,goblin,NBA_game_mb0QODjWC6nav16F2vxdkQhT,2025-03-16 22:10:00,New,2025-05-27_02-30-13
4126902,96540,Jakob Poeltl,C,1.5,Assists,7,TOR,goblin,NBA_game_mb0QODjWC6nav16F2vxdkQhT,2025-03-16 22:10:00,New,2025-05-27_02-30-13
4126891,183185,RJ Barrett,F-G,0.5,Blocked Shots,7,TOR,demon,NBA_game_mb0QODjWC6nav16F2vxdkQhT,2025-03-16 22:10:00,New,2025-05-27_02-30-13
4126892,183185,RJ Barrett,F-G,14.5,Points,7,TOR,goblin,NBA_game_mb0QODjWC6nav16F2vxdkQhT,2025-03-16 22:10:00,New,2025-05-27_02-30-13
4126960,216763,Deni Avdija,F,29.5,Points,7,POR,demon,NBA_game_mb0QODjWC6nav16F2vxdkQhT,2025-03-16 22:10:00,New,2025-05-27_02-30-13
4126946,219067,Donovan Clingan,C,14.5,Points,7,POR,demon,NBA_game_mb0QODjWC6nav16F2vxdkQhT,2025-03-16 22:10:00,New,2025-05-27_02-30-13
4126977,10818,Anfernee Simons,G,3.5,Rebounds,7,POR,demon,NBA_game_mb0QODjWC6nav16F2vxdkQhT,2025-03-16 22:10:00,New,2025-05-27_02-30-13
4126969,10818,Anfernee Simons,G,5.5,3-PT Made,7,POR,demon,NBA_game_mb0QODjWC6nav16F2vxdkQhT,2025-03-16 22:10:00,New,2025-05-27_02-30-13
4125574,188008,Trae Young,G,14.0,Rebs+Asts,7,ATL,standard,NBA_game_ni73Tmuv0bW3ycm30KTFJ6hl,2025-03-16 22:10:00,New,2025-05-27_02-30-13
4125565,188008,Trae Young,G,36.5,Pts+Asts,7,ATL,standard,NBA_game_ni73Tmuv0bW3ycm30KTFJ6hl,2025-03-16 22:10:00,New,2025-05-27_02-30-13
4125516,188008,Trae Young,G,11.0,Assists,7,ATL,standard,NBA_game_ni73Tmuv0bW3ycm30KTFJ6hl,2025-03-16 22:10:00,New,2025-05-27_02-30-13
4125556,188008,Trae Young,G,28.5,Pts+Rebs,7,ATL,standard,NBA_game_ni73Tmuv0bW3ycm30KTFJ6hl,2025-03-16 22:10:00,New,2025-05-27_02-30-13
4125529,188008,Trae Young,G,40.0,Pts+Rebs+Asts,7,ATL,standard,NBA_game_ni73Tmuv0bW3ycm30KTFJ6hl,2025-03-16 22:10:00,New,2025-05-27_02-30-13
4125524,188008,Trae Young,G,2.5,3-PT Made,7,ATL,standard,NBA_game_ni73Tmuv0bW3ycm30KTFJ6hl,2025-03-16 22:10:00,New,2025-05-27_02-30-13
4125474,188008,Trae Young,G,25.5,Points,7,ATL,standard,NBA_game_ni73Tmuv0bW3ycm30KTFJ6hl,2025-03-16 22:10:00,New,2025-05-27_02-30-13
4125476,216868,Dyson Daniels,G,14.0,Points,7,ATL,standard,NBA_game_ni73Tmuv0bW3ycm30KTFJ6hl,2025-03-16 22:10:00,New,2025-05-27_02-30-13
4125567,216868,Dyson Daniels,G,18.5,Pts+Asts,7,ATL,standard,NBA_game_ni73Tmuv0bW3ycm30KTFJ6hl,2025-03-16 22:10:00,New,2025-05-27_02-30-13
4125509,216868,Dyson Daniels,G,5.5,Rebounds,7,ATL,standard,NBA_game_ni73Tmuv0bW3ycm30KTFJ6hl,2025-03-16 22:10:00,New,2025-05-27_02-30-13
4125531,216868,Dyson Daniels,G,24.0,Pts+Rebs+Asts,7,ATL,standard,NBA_game_ni73Tmuv0bW3ycm30KTFJ6hl,2025-03-16 22:10:00,New,2025-05-27_02-30-13
4125576,216868,Dyson Daniels,G,10.0,Rebs+Asts,7,ATL,standard,NBA_game_ni73Tmuv0bW3ycm30KTFJ6hl,2025-03-16 22:10:00,New,2025-05-27_02-30-13
4125518,216868,Dyson Daniels,G,4.0,Assists,7,ATL,standard,NBA_game_ni73Tmuv0bW3ycm30KTFJ6hl,2025-03-16 22:10:00,New,2025-05-27_02-30-13
4125558,216868,Dyson Daniels,G,20.0,Pts+Rebs,7,ATL,standard,NBA_game_ni73Tmuv0bW3ycm30KTFJ6hl,2025-03-16 22:10:00,New,2025-05-27_02-30-13
4125559,181237,Keon Johnson,G,17.0,Pts+Rebs,7,BKN,standard,NBA_game_ni73Tmuv0bW3ycm30KTFJ6hl,2025-03-16 22:10:00,New,2025-05-27_02-30-13
4125510,181237,Keon Johnson,G,4.0,Rebounds,7,BKN,standard,NBA_game_ni73Tmuv0bW3ycm30KTFJ6hl,2025-03-16 22:10:00,New,2025-05-27_02-30-13
4125568,181237,Keon Johnson,G,16.5,Pts+Asts,7,BKN,standard,NBA_game_ni73Tmuv0bW3ycm30KTFJ6hl,2025-03-16 22:10:00,New,2025-05-27_02-30-13
4125477,181237,Keon Johnson,G,13.5,Points,7,BKN,standard,NBA_game_ni73Tmuv0bW3ycm30KTFJ6hl,2025-03-16 22:10:00,New,2025-05-27_02-30-13
4125577,181237,Keon Johnson,G,7.0,Rebs+Asts,7,BKN,standard,NBA_game_ni73Tmuv0bW3ycm30KTFJ6hl,2025-03-16 22:10:00,New,2025-05-27_02-30-13
4125532,181237,Keon Johnson,G,20.5,Pts+Rebs+Asts,7,BKN,standard,NBA_game_ni73Tmuv0bW3ycm30KTFJ6hl,2025-03-16 22:10:00,New,2025-05-27_02-30-13
4125511,25424,Onyeka Okongwu,F-C,10.0,Rebounds,7,ATL,standard,NBA_game_ni73Tmuv0bW3ycm30KTFJ6hl,2025-03-16 22:10:00,New,2025-05-27_02-30-13
4125533,25424,Onyeka Okongwu,F-C,27.0,Pts+Rebs+Asts,7,ATL,standard,NBA_game_ni73Tmuv0bW3ycm30KTFJ6hl,2025-03-16 22:10:00,New,2025-05-27_02-30-13
4125560,25424,Onyeka Okongwu,F-C,24.5,Pts+Rebs,7,ATL,standard,NBA_game_ni73Tmuv0bW3ycm30KTFJ6hl,2025-03-16 22:10:00,New,2025-05-27_02-30-13
4125578,25424,Onyeka Okongwu,F-C,12.5,Rebs+Asts,7,ATL,standard,NBA_game_ni73Tmuv0bW3ycm30KTFJ6hl,2025-03-16 22:10:00,New,2025-05-27_02-30-13
4125569,25424,Onyeka Okongwu,F-C,16.5,Pts+Asts,7,ATL,standard,NBA_game_ni73Tmuv0bW3ycm30KTFJ6hl,2025-03-16 22:10:00,New,2025-05-27_02-30-13
4125478,25424,Onyeka Okongwu,F-C,14.5,Points,7,ATL,standard,NBA_game_ni73Tmuv0bW3ycm30KTFJ6hl,2025-03-16 22:10:00,New,2025-05-27_02-30-13
4125512,10726,Nicolas Claxton,C,8.0,Rebounds,7,BKN,standard,NBA_game_ni73Tmuv0bW3ycm30KTFJ6hl,2025-03-16 22:10:00,New,2025-05-27_02-30-13
4125561,10726,Nicolas Claxton,C,20.0,Pts+Rebs,7,BKN,standard,NBA_game_ni73Tmuv0bW3ycm30KTFJ6hl,2025-03-16 22:10:00,New,2025-05-27_02-30-13
4125570,10726,Nicolas Claxton,C,15.0,Pts+Asts,7,BKN,standard,NBA_game_ni73Tmuv0bW3ycm30KTFJ6hl,2025-03-16 22:10:00,New,2025-05-27_02-30-13
4125583,10726,Nicolas Claxton,C,1.5,Blocked Shots,7,BKN,standard,NBA_game_ni73Tmuv0bW3ycm30KTFJ6hl,2025-03-16 22:10:00,New,2025-05-27_02-30-13
4125589,10726,Nicolas Claxton,C,1.5,Turnovers,7,BKN,standard,NBA_game_ni73Tmuv0bW3ycm30KTFJ6hl,2025-03-16 22:10:00,New,2025-05-27_02-30-13
4125579,10726,Nicolas Claxton,C,11.0,Rebs+Asts,7,BKN,standard,NBA_game_ni73Tmuv0bW3ycm30KTFJ6hl,2025-03-16 22:10:00,New,2025-05-27_02-30-13
4125586,10726,Nicolas Claxton,C,2.5,Blks+Stls,7,BKN,standard,NBA_game_ni73Tmuv0bW3ycm30KTFJ6hl,2025-03-16 22:10:00,New,2025-05-27_02-30-13
4125534,10726,Nicolas Claxton,C,23.0,Pts+Rebs+Asts,7,BKN,standard,NBA_game_ni73Tmuv0bW3ycm30KTFJ6hl,2025-03-16 22:10:00,New,2025-05-27_02-30-13
4125479,10726,Nicolas Claxton,C,11.5,Points,7,BKN,standard,NBA_game_ni73Tmuv0bW3ycm30KTFJ6hl,2025-03-16 22:10:00,New,2025-05-27_02-30-13
4125480,217345,Zaccharie Risacher,F,12.5,Points,7,ATL,standard,NBA_game_ni73Tmuv0bW3ycm30KTFJ6hl,2025-03-16 22:10:00,New,2025-05-27_02-30-13
4125535,217345,Zaccharie Risacher,F,17.5,Pts+Rebs+Asts,7,ATL,standard,NBA_game_ni73Tmuv0bW3ycm30KTFJ6hl,2025-03-16 22:10:00,New,2025-05-27_02-30-13
4125562,217345,Zaccharie Risacher,F,16.5,Pts+Rebs,7,ATL,standard,NBA_game_ni73Tmuv0bW3ycm30KTFJ6hl,2025-03-16 22:10:00,New,2025-05-27_02-30-13
4125571,217345,Zaccharie Risacher,F,13.5,Pts+Asts,7,ATL,standard,NBA_game_ni73Tmuv0bW3ycm30KTFJ6hl,2025-03-16 22:10:00,New,2025-05-27_02-30-13
4125572,217136,Ziaire Williams,F,14.0,Pts+Asts,7,BKN,standard,NBA_game_ni73Tmuv0bW3ycm30KTFJ6hl,2025-03-16 22:10:00,New,2025-05-27_02-30-13
4125514,217136,Ziaire Williams,F,5.0,Rebounds,7,BKN,standard,NBA_game_ni73Tmuv0bW3ycm30KTFJ6hl,2025-03-16 22:10:00,New,2025-05-27_02-30-13
4125563,217136,Ziaire Williams,F,17.0,Pts+Rebs,7,BKN,standard,NBA_game_ni73Tmuv0bW3ycm30KTFJ6hl,2025-03-16 22:10:00,New,2025-05-27_02-30-13
4125536,217136,Ziaire Williams,F,19.0,Pts+Rebs+Asts,7,BKN,standard,NBA_game_ni73Tmuv0bW3ycm30KTFJ6hl,2025-03-16 22:10:00,New,2025-05-27_02-30-13
4125481,217136,Ziaire Williams,F,12.5,Points,7,BKN,standard,NBA_game_ni73Tmuv0bW3ycm30KTFJ6hl,2025-03-16 22:10:00,New,2025-05-27_02-30-13
4125564,178815,Mouhamed Gueye,F,9.0,Pts+Rebs,7,ATL,standard,NBA_game_ni73Tmuv0bW3ycm30KTFJ6hl,2025-03-16 22:10:00,New,2025-05-27_02-30-13
4125515,178815,Mouhamed Gueye,F,3.5,Rebounds,7,ATL,standard,NBA_game_ni73Tmuv0bW3ycm30KTFJ6hl,2025-03-16 22:10:00,New,2025-05-27_02-30-13
4125482,178815,Mouhamed Gueye,F,5.5,Points,7,ATL,standard,NBA_game_ni73Tmuv0bW3ycm30KTFJ6hl,2025-03-16 22:10:00,New,2025-05-27_02-30-13
4125537,178815,Mouhamed Gueye,F,9.5,Pts+Rebs+Asts,7,ATL,standard,NBA_game_ni73Tmuv0bW3ycm30KTFJ6hl,2025-03-16 22:10:00,New,2025-05-27_02-30-13
4125523,178815,Mouhamed Gueye,F,0.5,Assists,7,ATL,standard,NBA_game_ni73Tmuv0bW3ycm30KTFJ6hl,2025-03-16 22:10:00,New,2025-05-27_02-30-13
4125582,178815,Mouhamed Gueye,F,4.5,Rebs+Asts,7,ATL,standard,NBA_game_ni73Tmuv0bW3ycm30KTFJ6hl,2025-03-16 22:10:00,New,2025-05-27_02-30-13
4126390,96514,Cameron Johnson,F,23.0,Pts+Asts,7,BKN,standard,NBA_game_ni73Tmuv0bW3ycm30KTFJ6hl,2025-03-16 22:10:00,New,2025-05-27_02-30-13
4126391,96514,Cameron Johnson,F,8.0,Rebs+Asts,7,BKN,standard,NBA_game_ni73Tmuv0bW3ycm30KTFJ6hl,2025-03-16 22:10:00,New,2025-05-27_02-30-13
4126373,96514,Cameron Johnson,F,27.5,Pts+Rebs+Asts,7,BKN,standard,NBA_game_ni73Tmuv0bW3ycm30KTFJ6hl,2025-03-16 22:10:00,New,2025-05-27_02-30-13
4126372,96514,Cameron Johnson,F,19.5,Points,7,BKN,standard,NBA_game_ni73Tmuv0bW3ycm30KTFJ6hl,2025-03-16 22:10:00,New,2025-05-27_02-30-13
4126389,96514,Cameron Johnson,F,24.0,Pts+Rebs,7,BKN,standard,NBA_game_ni73Tmuv0bW3ycm30KTFJ6hl,2025-03-16 22:10:00,New,2025-05-27_02-30-13
4127615,58846,Day'Ron Sharpe,C,8.5,Points,7,BKN,standard,NBA_game_ni73Tmuv0bW3ycm30KTFJ6hl,2025-03-16 22:10:00,New,2025-05-27_02-30-13
4127622,58846,Day'Ron Sharpe,C,16.5,Pts+Rebs,7,BKN,standard,NBA_game_ni73Tmuv0bW3ycm30KTFJ6hl,2025-03-16 22:10:00,New,2025-05-27_02-30-13
4127616,58846,Day'Ron Sharpe,C,18.5,Pts+Rebs+Asts,7,BKN,standard,NBA_game_ni73Tmuv0bW3ycm30KTFJ6hl,2025-03-16 22:10:00,New,2025-05-27_02-30-13
4127621,58846,Day'Ron Sharpe,C,7.0,Rebounds,7,BKN,standard,NBA_game_ni73Tmuv0bW3ycm30KTFJ6hl,2025-03-16 22:10:00,New,2025-05-27_02-30-13
4126555,10726,Nicolas Claxton,C,6.5,Rebounds,7,BKN,goblin,NBA_game_ni73Tmuv0bW3ycm30KTFJ6hl,2025-03-16 22:10:00,New,2025-05-27_02-30-13
4126542,25424,Onyeka Okongwu,F-C,34.5,Pts+Rebs+Asts,7,ATL,demon,NBA_game_ni73Tmuv0bW3ycm30KTFJ6hl,2025-03-16 22:10:00,New,2025-05-27_02-30-13
4126508,217345,Zaccharie Risacher,F,0.5,Blocked Shots,7,ATL,demon,NBA_game_ni73Tmuv0bW3ycm30KTFJ6hl,2025-03-16 22:10:00,New,2025-05-27_02-30-13
4126517,217345,Zaccharie Risacher,F,6.5,Rebounds,7,ATL,demon,NBA_game_ni73Tmuv0bW3ycm30KTFJ6hl,2025-03-16 22:10:00,New,2025-05-27_02-30-13
4126605,96514,Cameron Johnson,F,4.5,Assists,7,BKN,demon,NBA_game_ni73Tmuv0bW3ycm30KTFJ6hl,2025-03-16 22:10:00,New,2025-05-27_02-30-13
4126550,10726,Nicolas Claxton,C,4.5,Assists,7,BKN,demon,NBA_game_ni73Tmuv0bW3ycm30KTFJ6hl,2025-03-16 22:10:00,New,2025-05-27_02-30-13
4126518,217345,Zaccharie Risacher,F,1.5,Turnovers,7,ATL,demon,NBA_game_ni73Tmuv0bW3ycm30KTFJ6hl,2025-03-16 22:10:00,New,2025-05-27_02-30-13
4126560,178815,Mouhamed Gueye,F,1.5,3-PT Made,7,ATL,demon,NBA_game_ni73Tmuv0bW3ycm30KTFJ6hl,2025-03-16 22:10:00,New,2025-05-27_02-30-13
4126545,25424,Onyeka Okongwu,F-C,12.5,Rebounds,7,ATL,demon,NBA_game_ni73Tmuv0bW3ycm30KTFJ6hl,2025-03-16 22:10:00,New,2025-05-27_02-30-13
4126544,25424,Onyeka Okongwu,F-C,11.5,Rebounds,7,ATL,demon,NBA_game_ni73Tmuv0bW3ycm30KTFJ6hl,2025-03-16 22:10:00,New,2025-05-27_02-30-13
4126535,25424,Onyeka Okongwu,F-C,2.5,Assists,7,ATL,demon,NBA_game_ni73Tmuv0bW3ycm30KTFJ6hl,2025-03-16 22:10:00,New,2025-05-27_02-30-13
4126524,188008,Trae Young,G,13.5,Assists,7,ATL,demon,NBA_game_ni73Tmuv0bW3ycm30KTFJ6hl,2025-03-16 22:10:00,New,2025-05-27_02-30-13
4126539,25424,Onyeka Okongwu,F-C,19.5,Points,7,ATL,demon,NBA_game_ni73Tmuv0bW3ycm30KTFJ6hl,2025-03-16 22:10:00,New,2025-05-27_02-30-13
4126533,188008,Trae Young,G,1.5,Steals,7,ATL,demon,NBA_game_ni73Tmuv0bW3ycm30KTFJ6hl,2025-03-16 22:10:00,New,2025-05-27_02-30-13
4126516,217345,Zaccharie Risacher,F,5.5,Rebounds,7,ATL,demon,NBA_game_ni73Tmuv0bW3ycm30KTFJ6hl,2025-03-16 22:10:00,New,2025-05-27_02-30-13
4126546,25424,Onyeka Okongwu,F-C,13.5,Rebounds,7,ATL,demon,NBA_game_ni73Tmuv0bW3ycm30KTFJ6hl,2025-03-16 22:10:00,New,2025-05-27_02-30-13
4126607,96514,Cameron Johnson,F,0.5,Blocked Shots,7,BKN,demon,NBA_game_ni73Tmuv0bW3ycm30KTFJ6hl,2025-03-16 22:10:00,New,2025-05-27_02-30-13
4126512,217345,Zaccharie Risacher,F,17.5,Points,7,ATL,demon,NBA_game_ni73Tmuv0bW3ycm30KTFJ6hl,2025-03-16 22:10:00,New,2025-05-27_02-30-13
4126510,217345,Zaccharie Risacher,F,9.5,Points,7,ATL,goblin,NBA_game_ni73Tmuv0bW3ycm30KTFJ6hl,2025-03-16 22:10:00,New,2025-05-27_02-30-13
4126522,188008,Trae Young,G,9.5,Assists,7,ATL,goblin,NBA_game_ni73Tmuv0bW3ycm30KTFJ6hl,2025-03-16 22:10:00,New,2025-05-27_02-30-13
4126588,216868,Dyson Daniels,G,19.5,Points,7,ATL,demon,NBA_game_ni73Tmuv0bW3ycm30KTFJ6hl,2025-03-16 22:10:00,New,2025-05-27_02-30-13
4126511,217345,Zaccharie Risacher,F,14.5,Points,7,ATL,demon,NBA_game_ni73Tmuv0bW3ycm30KTFJ6hl,2025-03-16 22:10:00,New,2025-05-27_02-30-13
4126536,25424,Onyeka Okongwu,F-C,3.5,Assists,7,ATL,demon,NBA_game_ni73Tmuv0bW3ycm30KTFJ6hl,2025-03-16 22:10:00,New,2025-05-27_02-30-13
4126507,217345,Zaccharie Risacher,F,2.5,3-PT Made,7,ATL,demon,NBA_game_ni73Tmuv0bW3ycm30KTFJ6hl,2025-03-16 22:10:00,New,2025-05-27_02-30-13
4126612,96514,Cameron Johnson,F,6.5,Rebounds,7,BKN,demon,NBA_game_ni73Tmuv0bW3ycm30KTFJ6hl,2025-03-16 22:10:00,New,2025-05-27_02-30-13
4126585,216868,Dyson Daniels,G,6.5,Assists,7,ATL,demon,NBA_game_ni73Tmuv0bW3ycm30KTFJ6hl,2025-03-16 22:10:00,New,2025-05-27_02-30-13
4126579,181237,Keon Johnson,G,6.5,Rebounds,7,BKN,demon,NBA_game_ni73Tmuv0bW3ycm30KTFJ6hl,2025-03-16 22:10:00,New,2025-05-27_02-30-13
4126581,216868,Dyson Daniels,G,1.5,3-PT Made,7,ATL,demon,NBA_game_ni73Tmuv0bW3ycm30KTFJ6hl,2025-03-16 22:10:00,New,2025-05-27_02-30-13
4126526,188008,Trae Young,G,0.5,Blocked Shots,7,ATL,demon,NBA_game_ni73Tmuv0bW3ycm30KTFJ6hl,2025-03-16 22:10:00,New,2025-05-27_02-30-13
4126540,25424,Onyeka Okongwu,F-C,20.5,Points,7,ATL,demon,NBA_game_ni73Tmuv0bW3ycm30KTFJ6hl,2025-03-16 22:10:00,New,2025-05-27_02-30-13
4126521,188008,Trae Young,G,8.5,Assists,7,ATL,goblin,NBA_game_ni73Tmuv0bW3ycm30KTFJ6hl,2025-03-16 22:10:00,New,2025-05-27_02-30-13
4126537,25424,Onyeka Okongwu,F-C,0.5,Blocked Shots,7,ATL,goblin,NBA_game_ni73Tmuv0bW3ycm30KTFJ6hl,2025-03-16 22:10:00,New,2025-05-27_02-30-13
4126567,178815,Mouhamed Gueye,F,6.5,Rebounds,7,ATL,demon,NBA_game_ni73Tmuv0bW3ycm30KTFJ6hl,2025-03-16 22:10:00,New,2025-05-27_02-30-13
4126571,181237,Keon Johnson,G,4.5,Assists,7,BKN,demon,NBA_game_ni73Tmuv0bW3ycm30KTFJ6hl,2025-03-16 22:10:00,New,2025-05-27_02-30-13
4126563,178815,Mouhamed Gueye,F,9.5,Points,7,ATL,demon,NBA_game_ni73Tmuv0bW3ycm30KTFJ6hl,2025-03-16 22:10:00,New,2025-05-27_02-30-13
4126547,25424,Onyeka Okongwu,F-C,0.5,Steals,7,ATL,goblin,NBA_game_ni73Tmuv0bW3ycm30KTFJ6hl,2025-03-16 22:10:00,New,2025-05-27_02-30-13
4126530,188008,Trae Young,G,3.5,Rebounds,7,ATL,demon,NBA_game_ni73Tmuv0bW3ycm30KTFJ6hl,2025-03-16 22:10:00,New,2025-05-27_02-30-13
4126515,217345,Zaccharie Risacher,F,2.5,Rebounds,7,ATL,goblin,NBA_game_ni73Tmuv0bW3ycm30KTFJ6hl,2025-03-16 22:10:00,New,2025-05-27_02-30-13
4126525,188008,Trae Young,G,14.5,Assists,7,ATL,demon,NBA_game_ni73Tmuv0bW3ycm30KTFJ6hl,2025-03-16 22:10:00,New,2025-05-27_02-30-13
4126529,188008,Trae Young,G,44.5,Pts+Rebs+Asts,7,ATL,demon,NBA_game_ni73Tmuv0bW3ycm30KTFJ6hl,2025-03-16 22:10:00,New,2025-05-27_02-30-13
4126519,188008,Trae Young,G,1.5,3-PT Made,7,ATL,goblin,NBA_game_ni73Tmuv0bW3ycm30KTFJ6hl,2025-03-16 22:10:00,New,2025-05-27_02-30-13
4126527,188008,Trae Young,G,29.5,Points,7,ATL,demon,NBA_game_ni73Tmuv0bW3ycm30KTFJ6hl,2025-03-16 22:10:00,New,2025-05-27_02-30-13
4126543,25424,Onyeka Okongwu,F-C,7.5,Rebounds,7,ATL,goblin,NBA_game_ni73Tmuv0bW3ycm30KTFJ6hl,2025-03-16 22:10:00,New,2025-05-27_02-30-13
4126564,178815,Mouhamed Gueye,F,2.5,Rebounds,7,ATL,goblin,NBA_game_ni73Tmuv0bW3ycm30KTFJ6hl,2025-03-16 22:10:00,New,2025-05-27_02-30-13
4126528,188008,Trae Young,G,34.5,Points,7,ATL,demon,NBA_game_ni73Tmuv0bW3ycm30KTFJ6hl,2025-03-16 22:10:00,New,2025-05-27_02-30-13
4126559,10726,Nicolas Claxton,C,0.5,Steals,7,BKN,goblin,NBA_game_ni73Tmuv0bW3ycm30KTFJ6hl,2025-03-16 22:10:00,New,2025-05-27_02-30-13
4126566,178815,Mouhamed Gueye,F,5.5,Rebounds,7,ATL,demon,NBA_game_ni73Tmuv0bW3ycm30KTFJ6hl,2025-03-16 22:10:00,New,2025-05-27_02-30-13
4126523,188008,Trae Young,G,12.5,Assists,7,ATL,demon,NBA_game_ni73Tmuv0bW3ycm30KTFJ6hl,2025-03-16 22:10:00,New,2025-05-27_02-30-13
4126538,25424,Onyeka Okongwu,F-C,1.5,Blocked Shots,7,ATL,demon,NBA_game_ni73Tmuv0bW3ycm30KTFJ6hl,2025-03-16 22:10:00,New,2025-05-27_02-30-13
4126509,217345,Zaccharie Risacher,F,7.5,Points,7,ATL,goblin,NBA_game_ni73Tmuv0bW3ycm30KTFJ6hl,2025-03-16 22:10:00,New,2025-05-27_02-30-13
4126534,25424,Onyeka Okongwu,F-C,1.5,Assists,7,ATL,goblin,NBA_game_ni73Tmuv0bW3ycm30KTFJ6hl,2025-03-16 22:10:00,New,2025-05-27_02-30-13
4126606,96514,Cameron Johnson,F,5.5,Assists,7,BKN,demon,NBA_game_ni73Tmuv0bW3ycm30KTFJ6hl,2025-03-16 22:10:00,New,2025-05-27_02-30-13
4126589,216868,Dyson Daniels,G,4.5,Rebounds,7,ATL,goblin,NBA_game_ni73Tmuv0bW3ycm30KTFJ6hl,2025-03-16 22:10:00,New,2025-05-27_02-30-13
4126541,25424,Onyeka Okongwu,F-C,24.5,Pts+Rebs+Asts,7,ATL,goblin,NBA_game_ni73Tmuv0bW3ycm30KTFJ6hl,2025-03-16 22:10:00,New,2025-05-27_02-30-13
4126506,217345,Zaccharie Risacher,F,0.5,3-PT Made,7,ATL,goblin,NBA_game_ni73Tmuv0bW3ycm30KTFJ6hl,2025-03-16 22:10:00,New,2025-05-27_02-30-13
4126603,96514,Cameron Johnson,F,3.5,3-PT Made,7,BKN,demon,NBA_game_ni73Tmuv0bW3ycm30KTFJ6hl,2025-03-16 22:10:00,New,2025-05-27_02-30-13
4126520,188008,Trae Young,G,3.5,3-PT Made,7,ATL,demon,NBA_game_ni73Tmuv0bW3ycm30KTFJ6hl,2025-03-16 22:10:00,New,2025-05-27_02-30-13
4126587,216868,Dyson Daniels,G,17.5,Points,7,ATL,demon,NBA_game_ni73Tmuv0bW3ycm30KTFJ6hl,2025-03-16 22:10:00,New,2025-05-27_02-30-13
4126586,216868,Dyson Daniels,G,11.5,Points,7,ATL,goblin,NBA_game_ni73Tmuv0bW3ycm30KTFJ6hl,2025-03-16 22:10:00,New,2025-05-27_02-30-13
4126610,96514,Cameron Johnson,F,3.5,Rebounds,7,BKN,goblin,NBA_game_ni73Tmuv0bW3ycm30KTFJ6hl,2025-03-16 22:10:00,New,2025-05-27_02-30-13
4126602,96514,Cameron Johnson,F,1.5,3-PT Made,7,BKN,goblin,NBA_game_ni73Tmuv0bW3ycm30KTFJ6hl,2025-03-16 22:10:00,New,2025-05-27_02-30-13
4126608,96514,Cameron Johnson,F,14.5,Points,7,BKN,goblin,NBA_game_ni73Tmuv0bW3ycm30KTFJ6hl,2025-03-16 22:10:00,New,2025-05-27_02-30-13
4126604,96514,Cameron Johnson,F,2.5,Assists,7,BKN,goblin,NBA_game_ni73Tmuv0bW3ycm30KTFJ6hl,2025-03-16 22:10:00,New,2025-05-27_02-30-13
4126613,96514,Cameron Johnson,F,0.5,Steals,7,BKN,goblin,NBA_game_ni73Tmuv0bW3ycm30KTFJ6hl,2025-03-16 22:10:00,New,2025-05-27_02-30-13
4126532,188008,Trae Young,G,0.5,Steals,7,ATL,goblin,NBA_game_ni73Tmuv0bW3ycm30KTFJ6hl,2025-03-16 22:10:00,New,2025-05-27_02-30-13
4126575,181237,Keon Johnson,G,14.5,Points,7,BKN,demon,NBA_game_ni73Tmuv0bW3ycm30KTFJ6hl,2025-03-16 22:10:00,New,2025-05-27_02-30-13
4126609,96514,Cameron Johnson,F,24.5,Points,7,BKN,demon,NBA_game_ni73Tmuv0bW3ycm30KTFJ6hl,2025-03-16 22:10:00,New,2025-05-27_02-30-13
4126583,216868,Dyson Daniels,G,3.5,Assists,7,ATL,goblin,NBA_game_ni73Tmuv0bW3ycm30KTFJ6hl,2025-03-16 22:10:00,New,2025-05-27_02-30-13
4126574,181237,Keon Johnson,G,9.5,Points,7,BKN,goblin,NBA_game_ni73Tmuv0bW3ycm30KTFJ6hl,2025-03-16 22:10:00,New,2025-05-27_02-30-13
4126578,181237,Keon Johnson,G,5.5,Rebounds,7,BKN,demon,NBA_game_ni73Tmuv0bW3ycm30KTFJ6hl,2025-03-16 22:10:00,New,2025-05-27_02-30-13
4126569,181237,Keon Johnson,G,1.5,Assists,7,BKN,goblin,NBA_game_ni73Tmuv0bW3ycm30KTFJ6hl,2025-03-16 22:10:00,New,2025-05-27_02-30-13
4126570,181237,Keon Johnson,G,3.5,Assists,7,BKN,demon,NBA_game_ni73Tmuv0bW3ycm30KTFJ6hl,2025-03-16 22:10:00,New,2025-05-27_02-30-13
4126548,10726,Nicolas Claxton,C,1.5,Assists,7,BKN,goblin,NBA_game_ni73Tmuv0bW3ycm30KTFJ6hl,2025-03-16 22:10:00,New,2025-05-27_02-30-13
4126549,10726,Nicolas Claxton,C,3.5,Assists,7,BKN,demon,NBA_game_ni73Tmuv0bW3ycm30KTFJ6hl,2025-03-16 22:10:00,New,2025-05-27_02-30-13
4126552,10726,Nicolas Claxton,C,9.5,Points,7,BKN,goblin,NBA_game_ni73Tmuv0bW3ycm30KTFJ6hl,2025-03-16 22:10:00,New,2025-05-27_02-30-13
4126514,217345,Zaccharie Risacher,F,24.5,Pts+Rebs+Asts,7,ATL,demon,NBA_game_ni73Tmuv0bW3ycm30KTFJ6hl,2025-03-16 22:10:00,New,2025-05-27_02-30-13
4126557,10726,Nicolas Claxton,C,10.5,Rebounds,7,BKN,demon,NBA_game_ni73Tmuv0bW3ycm30KTFJ6hl,2025-03-16 22:10:00,New,2025-05-27_02-30-13
4126551,10726,Nicolas Claxton,C,2.5,Blocked Shots,7,BKN,demon,NBA_game_ni73Tmuv0bW3ycm30KTFJ6hl,2025-03-16 22:10:00,New,2025-05-27_02-30-13
4126556,10726,Nicolas Claxton,C,9.5,Rebounds,7,BKN,demon,NBA_game_ni73Tmuv0bW3ycm30KTFJ6hl,2025-03-16 22:10:00,New,2025-05-27_02-30-13
4126554,10726,Nicolas Claxton,C,17.5,Points,7,BKN,demon,NBA_game_ni73Tmuv0bW3ycm30KTFJ6hl,2025-03-16 22:10:00,New,2025-05-27_02-30-13
4126513,217345,Zaccharie Risacher,F,14.5,Pts+Rebs+Asts,7,ATL,goblin,NBA_game_ni73Tmuv0bW3ycm30KTFJ6hl,2025-03-16 22:10:00,New,2025-05-27_02-30-13
4126553,10726,Nicolas Claxton,C,14.5,Points,7,BKN,demon,NBA_game_ni73Tmuv0bW3ycm30KTFJ6hl,2025-03-16 22:10:00,New,2025-05-27_02-30-13
4126558,10726,Nicolas Claxton,C,11.5,Rebounds,7,BKN,demon,NBA_game_ni73Tmuv0bW3ycm30KTFJ6hl,2025-03-16 22:10:00,New,2025-05-27_02-30-13
4126590,216868,Dyson Daniels,G,7.5,Rebounds,7,ATL,demon,NBA_game_ni73Tmuv0bW3ycm30KTFJ6hl,2025-03-16 22:10:00,New,2025-05-27_02-30-13
4126582,216868,Dyson Daniels,G,2.5,Assists,7,ATL,goblin,NBA_game_ni73Tmuv0bW3ycm30KTFJ6hl,2025-03-16 22:10:00,New,2025-05-27_02-30-13
4126565,178815,Mouhamed Gueye,F,4.5,Rebounds,7,ATL,demon,NBA_game_ni73Tmuv0bW3ycm30KTFJ6hl,2025-03-16 22:10:00,New,2025-05-27_02-30-13
4126584,216868,Dyson Daniels,G,5.5,Assists,7,ATL,demon,NBA_game_ni73Tmuv0bW3ycm30KTFJ6hl,2025-03-16 22:10:00,New,2025-05-27_02-30-13
4126577,181237,Keon Johnson,G,2.5,Rebounds,7,BKN,goblin,NBA_game_ni73Tmuv0bW3ycm30KTFJ6hl,2025-03-16 22:10:00,New,2025-05-27_02-30-13
4126531,188008,Trae Young,G,4.5,Rebounds,7,ATL,demon,NBA_game_ni73Tmuv0bW3ycm30KTFJ6hl,2025-03-16 22:10:00,New,2025-05-27_02-30-13
4126576,181237,Keon Johnson,G,17.5,Points,7,BKN,demon,NBA_game_ni73Tmuv0bW3ycm30KTFJ6hl,2025-03-16 22:10:00,New,2025-05-27_02-30-13
4126611,96514,Cameron Johnson,F,5.5,Rebounds,7,BKN,demon,NBA_game_ni73Tmuv0bW3ycm30KTFJ6hl,2025-03-16 22:10:00,New,2025-05-27_02-30-13
4126580,181237,Keon Johnson,G,1.5,Steals,7,BKN,demon,NBA_game_ni73Tmuv0bW3ycm30KTFJ6hl,2025-03-16 22:10:00,New,2025-05-27_02-30-13
4126561,178815,Mouhamed Gueye,F,0.5,Blocked Shots,7,ATL,goblin,NBA_game_ni73Tmuv0bW3ycm30KTFJ6hl,2025-03-16 22:10:00,New,2025-05-27_02-30-13
4126591,216868,Dyson Daniels,G,8.5,Rebounds,7,ATL,demon,NBA_game_ni73Tmuv0bW3ycm30KTFJ6hl,2025-03-16 22:10:00,New,2025-05-27_02-30-13
4124965,188017,Anthony Edwards,G,27.5,Points,7,MIN,standard,NBA_game_EpnlDYciPNqMZPLBm7WRo6K8,2025-03-16 23:10:00,New,2025-05-27_02-30-13
4125063,188017,Anthony Edwards,G,33.0,Pts+Asts,7,MIN,standard,NBA_game_EpnlDYciPNqMZPLBm7WRo6K8,2025-03-16 23:10:00,New,2025-05-27_02-30-13
4125027,188017,Anthony Edwards,G,38.0,Pts+Rebs+Asts,7,MIN,standard,NBA_game_EpnlDYciPNqMZPLBm7WRo6K8,2025-03-16 23:10:00,New,2025-05-27_02-30-13
4125023,188017,Anthony Edwards,G,3.5,3-PT Made,7,MIN,standard,NBA_game_EpnlDYciPNqMZPLBm7WRo6K8,2025-03-16 23:10:00,New,2025-05-27_02-30-13
4125074,188017,Anthony Edwards,G,10.5,Rebs+Asts,7,MIN,standard,NBA_game_EpnlDYciPNqMZPLBm7WRo6K8,2025-03-16 23:10:00,New,2025-05-27_02-30-13
4125054,188017,Anthony Edwards,G,32.5,Pts+Rebs,7,MIN,standard,NBA_game_EpnlDYciPNqMZPLBm7WRo6K8,2025-03-16 23:10:00,New,2025-05-27_02-30-13
4125090,188017,Anthony Edwards,G,2.5,Turnovers,7,MIN,standard,NBA_game_EpnlDYciPNqMZPLBm7WRo6K8,2025-03-16 23:10:00,New,2025-05-27_02-30-13
4125012,87500,Collin Sexton,G,4.0,Assists,7,UTA,standard,NBA_game_EpnlDYciPNqMZPLBm7WRo6K8,2025-03-16 23:10:00,New,2025-05-27_02-30-13
4125028,87500,Collin Sexton,G,24.5,Pts+Rebs+Asts,7,UTA,standard,NBA_game_EpnlDYciPNqMZPLBm7WRo6K8,2025-03-16 23:10:00,New,2025-05-27_02-30-13
4124966,87500,Collin Sexton,G,17.5,Points,7,UTA,standard,NBA_game_EpnlDYciPNqMZPLBm7WRo6K8,2025-03-16 23:10:00,New,2025-05-27_02-30-13
4125055,87500,Collin Sexton,G,20.0,Pts+Rebs,7,UTA,standard,NBA_game_EpnlDYciPNqMZPLBm7WRo6K8,2025-03-16 23:10:00,New,2025-05-27_02-30-13
4125089,87500,Collin Sexton,G,0.5,Blks+Stls,7,UTA,standard,NBA_game_EpnlDYciPNqMZPLBm7WRo6K8,2025-03-16 23:10:00,New,2025-05-27_02-30-13
4125064,87500,Collin Sexton,G,21.5,Pts+Asts,7,UTA,standard,NBA_game_EpnlDYciPNqMZPLBm7WRo6K8,2025-03-16 23:10:00,New,2025-05-27_02-30-13
4125056,25445,Jaden McDaniels,F,20.5,Pts+Rebs,7,MIN,standard,NBA_game_EpnlDYciPNqMZPLBm7WRo6K8,2025-03-16 23:10:00,New,2025-05-27_02-30-13
4124967,25445,Jaden McDaniels,F,14.0,Points,7,MIN,standard,NBA_game_EpnlDYciPNqMZPLBm7WRo6K8,2025-03-16 23:10:00,New,2025-05-27_02-30-13
4125029,25445,Jaden McDaniels,F,23.5,Pts+Rebs+Asts,7,MIN,standard,NBA_game_EpnlDYciPNqMZPLBm7WRo6K8,2025-03-16 23:10:00,New,2025-05-27_02-30-13
4125003,25445,Jaden McDaniels,F,6.0,Rebounds,7,MIN,standard,NBA_game_EpnlDYciPNqMZPLBm7WRo6K8,2025-03-16 23:10:00,New,2025-05-27_02-30-13
4125065,25445,Jaden McDaniels,F,16.5,Pts+Asts,7,MIN,standard,NBA_game_EpnlDYciPNqMZPLBm7WRo6K8,2025-03-16 23:10:00,New,2025-05-27_02-30-13
4125076,25445,Jaden McDaniels,F,9.0,Rebs+Asts,7,MIN,standard,NBA_game_EpnlDYciPNqMZPLBm7WRo6K8,2025-03-16 23:10:00,New,2025-05-27_02-30-13
4125057,223674,Isaiah Collier,G,14.5,Pts+Rebs,7,UTA,standard,NBA_game_EpnlDYciPNqMZPLBm7WRo6K8,2025-03-16 23:10:00,New,2025-05-27_02-30-13
4125077,223674,Isaiah Collier,G,12.0,Rebs+Asts,7,UTA,standard,NBA_game_EpnlDYciPNqMZPLBm7WRo6K8,2025-03-16 23:10:00,New,2025-05-27_02-30-13
4125030,223674,Isaiah Collier,G,23.0,Pts+Rebs+Asts,7,UTA,standard,NBA_game_EpnlDYciPNqMZPLBm7WRo6K8,2025-03-16 23:10:00,New,2025-05-27_02-30-13
4125014,223674,Isaiah Collier,G,8.0,Assists,7,UTA,standard,NBA_game_EpnlDYciPNqMZPLBm7WRo6K8,2025-03-16 23:10:00,New,2025-05-27_02-30-13
4124968,223674,Isaiah Collier,G,10.5,Points,7,UTA,standard,NBA_game_EpnlDYciPNqMZPLBm7WRo6K8,2025-03-16 23:10:00,New,2025-05-27_02-30-13
4125066,223674,Isaiah Collier,G,19.0,Pts+Asts,7,UTA,standard,NBA_game_EpnlDYciPNqMZPLBm7WRo6K8,2025-03-16 23:10:00,New,2025-05-27_02-30-13
4125058,216422,Julius Randle,F-C,26.5,Pts+Rebs,7,MIN,standard,NBA_game_EpnlDYciPNqMZPLBm7WRo6K8,2025-03-16 23:10:00,New,2025-05-27_02-30-13
4125078,216422,Julius Randle,F-C,12.5,Rebs+Asts,7,MIN,standard,NBA_game_EpnlDYciPNqMZPLBm7WRo6K8,2025-03-16 23:10:00,New,2025-05-27_02-30-13
4125005,216422,Julius Randle,F-C,7.0,Rebounds,7,MIN,standard,NBA_game_EpnlDYciPNqMZPLBm7WRo6K8,2025-03-16 23:10:00,New,2025-05-27_02-30-13
4124969,216422,Julius Randle,F-C,19.5,Points,7,MIN,standard,NBA_game_EpnlDYciPNqMZPLBm7WRo6K8,2025-03-16 23:10:00,New,2025-05-27_02-30-13
4125067,216422,Julius Randle,F-C,24.5,Pts+Asts,7,MIN,standard,NBA_game_EpnlDYciPNqMZPLBm7WRo6K8,2025-03-16 23:10:00,New,2025-05-27_02-30-13
4125031,216422,Julius Randle,F-C,31.5,Pts+Rebs+Asts,7,MIN,standard,NBA_game_EpnlDYciPNqMZPLBm7WRo6K8,2025-03-16 23:10:00,New,2025-05-27_02-30-13
4125032,79926,Lauri Markkanen,F-C,23.5,Pts+Rebs+Asts,7,UTA,standard,NBA_game_EpnlDYciPNqMZPLBm7WRo6K8,2025-03-16 23:10:00,New,2025-05-27_02-30-13
4125068,79926,Lauri Markkanen,F-C,18.5,Pts+Asts,7,UTA,standard,NBA_game_EpnlDYciPNqMZPLBm7WRo6K8,2025-03-16 23:10:00,New,2025-05-27_02-30-13
4125059,79926,Lauri Markkanen,F-C,22.5,Pts+Rebs,7,UTA,standard,NBA_game_EpnlDYciPNqMZPLBm7WRo6K8,2025-03-16 23:10:00,New,2025-05-27_02-30-13
4124970,79926,Lauri Markkanen,F-C,17.0,Points,7,UTA,standard,NBA_game_EpnlDYciPNqMZPLBm7WRo6K8,2025-03-16 23:10:00,New,2025-05-27_02-30-13
4125085,79926,Lauri Markkanen,F-C,0.5,Steals,7,UTA,standard,NBA_game_EpnlDYciPNqMZPLBm7WRo6K8,2025-03-16 23:10:00,New,2025-05-27_02-30-13
4125061,79861,Walker Kessler,C,22.0,Pts+Rebs,7,UTA,standard,NBA_game_EpnlDYciPNqMZPLBm7WRo6K8,2025-03-16 23:10:00,New,2025-05-27_02-30-13
4125008,79861,Walker Kessler,C,10.5,Rebounds,7,UTA,standard,NBA_game_EpnlDYciPNqMZPLBm7WRo6K8,2025-03-16 23:10:00,New,2025-05-27_02-30-13
4125034,79861,Walker Kessler,C,24.5,Pts+Rebs+Asts,7,UTA,standard,NBA_game_EpnlDYciPNqMZPLBm7WRo6K8,2025-03-16 23:10:00,New,2025-05-27_02-30-13
4125070,79861,Walker Kessler,C,13.0,Pts+Asts,7,UTA,standard,NBA_game_EpnlDYciPNqMZPLBm7WRo6K8,2025-03-16 23:10:00,New,2025-05-27_02-30-13
4124972,79861,Walker Kessler,C,11.5,Points,7,UTA,standard,NBA_game_EpnlDYciPNqMZPLBm7WRo6K8,2025-03-16 23:10:00,New,2025-05-27_02-30-13
4125081,79861,Walker Kessler,C,12.5,Rebs+Asts,7,UTA,standard,NBA_game_EpnlDYciPNqMZPLBm7WRo6K8,2025-03-16 23:10:00,New,2025-05-27_02-30-13
4125071,87384,Rudy Gobert,C,14.5,Pts+Asts,7,MIN,standard,NBA_game_EpnlDYciPNqMZPLBm7WRo6K8,2025-03-16 23:10:00,New,2025-05-27_02-30-13
4124973,87384,Rudy Gobert,C,12.5,Points,7,MIN,standard,NBA_game_EpnlDYciPNqMZPLBm7WRo6K8,2025-03-16 23:10:00,New,2025-05-27_02-30-13
4125062,87384,Rudy Gobert,C,22.5,Pts+Rebs,7,MIN,standard,NBA_game_EpnlDYciPNqMZPLBm7WRo6K8,2025-03-16 23:10:00,New,2025-05-27_02-30-13
4125084,87384,Rudy Gobert,C,1.5,Blocked Shots,7,MIN,standard,NBA_game_EpnlDYciPNqMZPLBm7WRo6K8,2025-03-16 23:10:00,New,2025-05-27_02-30-13
4125082,87384,Rudy Gobert,C,12.5,Rebs+Asts,7,MIN,standard,NBA_game_EpnlDYciPNqMZPLBm7WRo6K8,2025-03-16 23:10:00,New,2025-05-27_02-30-13
4125035,87384,Rudy Gobert,C,24.5,Pts+Rebs+Asts,7,MIN,standard,NBA_game_EpnlDYciPNqMZPLBm7WRo6K8,2025-03-16 23:10:00,New,2025-05-27_02-30-13
4125009,87384,Rudy Gobert,C,10.0,Rebounds,7,MIN,standard,NBA_game_EpnlDYciPNqMZPLBm7WRo6K8,2025-03-16 23:10:00,New,2025-05-27_02-30-13
4126454,216658,Donte DiVincenzo,G,22.0,Pts+Rebs+Asts,7,MIN,standard,NBA_game_EpnlDYciPNqMZPLBm7WRo6K8,2025-03-16 23:10:00,New,2025-05-27_02-30-13
4126463,216658,Donte DiVincenzo,G,18.0,Pts+Asts,7,MIN,standard,NBA_game_EpnlDYciPNqMZPLBm7WRo6K8,2025-03-16 23:10:00,New,2025-05-27_02-30-13
4126453,216658,Donte DiVincenzo,G,13.5,Points,7,MIN,standard,NBA_game_EpnlDYciPNqMZPLBm7WRo6K8,2025-03-16 23:10:00,New,2025-05-27_02-30-13
4126465,216658,Donte DiVincenzo,G,1.5,Blks+Stls,7,MIN,standard,NBA_game_EpnlDYciPNqMZPLBm7WRo6K8,2025-03-16 23:10:00,New,2025-05-27_02-30-13
4126462,216658,Donte DiVincenzo,G,17.5,Pts+Rebs,7,MIN,standard,NBA_game_EpnlDYciPNqMZPLBm7WRo6K8,2025-03-16 23:10:00,New,2025-05-27_02-30-13
4126460,216658,Donte DiVincenzo,G,3.5,Rebounds,7,MIN,standard,NBA_game_EpnlDYciPNqMZPLBm7WRo6K8,2025-03-16 23:10:00,New,2025-05-27_02-30-13
4126486,10787,Naz Reid,C-F,16.5,Pts+Asts,7,MIN,standard,NBA_game_EpnlDYciPNqMZPLBm7WRo6K8,2025-03-16 23:10:00,New,2025-05-27_02-30-13
4126478,10787,Naz Reid,C-F,22.5,Pts+Rebs+Asts,7,MIN,standard,NBA_game_EpnlDYciPNqMZPLBm7WRo6K8,2025-03-16 23:10:00,New,2025-05-27_02-30-13
4126484,10787,Naz Reid,C-F,6.0,Rebounds,7,MIN,standard,NBA_game_EpnlDYciPNqMZPLBm7WRo6K8,2025-03-16 23:10:00,New,2025-05-27_02-30-13
4126487,10787,Naz Reid,C-F,8.0,Rebs+Asts,7,MIN,standard,NBA_game_EpnlDYciPNqMZPLBm7WRo6K8,2025-03-16 23:10:00,New,2025-05-27_02-30-13
4126477,10787,Naz Reid,C-F,14.5,Points,7,MIN,standard,NBA_game_EpnlDYciPNqMZPLBm7WRo6K8,2025-03-16 23:10:00,New,2025-05-27_02-30-13
4126485,10787,Naz Reid,C-F,20.0,Pts+Rebs,7,MIN,standard,NBA_game_EpnlDYciPNqMZPLBm7WRo6K8,2025-03-16 23:10:00,New,2025-05-27_02-30-13
4125342,216422,Julius Randle,F-C,7.5,Assists,7,MIN,demon,NBA_game_EpnlDYciPNqMZPLBm7WRo6K8,2025-03-16 23:10:00,New,2025-05-27_02-30-13
4125340,216422,Julius Randle,F-C,4.5,Assists,7,MIN,goblin,NBA_game_EpnlDYciPNqMZPLBm7WRo6K8,2025-03-16 23:10:00,New,2025-05-27_02-30-13
4125349,216422,Julius Randle,F-C,39.5,Pts+Rebs+Asts,7,MIN,demon,NBA_game_EpnlDYciPNqMZPLBm7WRo6K8,2025-03-16 23:10:00,New,2025-05-27_02-30-13
4125337,216422,Julius Randle,F-C,0.5,3-PT Made,7,MIN,goblin,NBA_game_EpnlDYciPNqMZPLBm7WRo6K8,2025-03-16 23:10:00,New,2025-05-27_02-30-13
4125339,216422,Julius Randle,F-C,3.5,Assists,7,MIN,goblin,NBA_game_EpnlDYciPNqMZPLBm7WRo6K8,2025-03-16 23:10:00,New,2025-05-27_02-30-13
4125298,25445,Jaden McDaniels,F,3.5,Assists,7,MIN,demon,NBA_game_EpnlDYciPNqMZPLBm7WRo6K8,2025-03-16 23:10:00,New,2025-05-27_02-30-13
4125296,25445,Jaden McDaniels,F,2.5,3-PT Made,7,MIN,demon,NBA_game_EpnlDYciPNqMZPLBm7WRo6K8,2025-03-16 23:10:00,New,2025-05-27_02-30-13
4125302,25445,Jaden McDaniels,F,19.5,Points,7,MIN,demon,NBA_game_EpnlDYciPNqMZPLBm7WRo6K8,2025-03-16 23:10:00,New,2025-05-27_02-30-13
4125297,25445,Jaden McDaniels,F,1.5,Assists,7,MIN,goblin,NBA_game_EpnlDYciPNqMZPLBm7WRo6K8,2025-03-16 23:10:00,New,2025-05-27_02-30-13
4125299,25445,Jaden McDaniels,F,1.5,Blocked Shots,7,MIN,demon,NBA_game_EpnlDYciPNqMZPLBm7WRo6K8,2025-03-16 23:10:00,New,2025-05-27_02-30-13
4125452,87384,Rudy Gobert,C,17.5,Points,7,MIN,demon,NBA_game_EpnlDYciPNqMZPLBm7WRo6K8,2025-03-16 23:10:00,New,2025-05-27_02-30-13
4125345,216422,Julius Randle,F-C,14.5,Points,7,MIN,goblin,NBA_game_EpnlDYciPNqMZPLBm7WRo6K8,2025-03-16 23:10:00,New,2025-05-27_02-30-13
4125347,216422,Julius Randle,F-C,24.5,Points,7,MIN,demon,NBA_game_EpnlDYciPNqMZPLBm7WRo6K8,2025-03-16 23:10:00,New,2025-05-27_02-30-13
4125451,87384,Rudy Gobert,C,14.5,Points,7,MIN,demon,NBA_game_EpnlDYciPNqMZPLBm7WRo6K8,2025-03-16 23:10:00,New,2025-05-27_02-30-13
4125274,223674,Isaiah Collier,G,14.5,Points,7,UTA,demon,NBA_game_EpnlDYciPNqMZPLBm7WRo6K8,2025-03-16 23:10:00,New,2025-05-27_02-30-13
4125243,188017,Anthony Edwards,G,6.5,Rebounds,7,MIN,demon,NBA_game_EpnlDYciPNqMZPLBm7WRo6K8,2025-03-16 23:10:00,New,2025-05-27_02-30-13
4125242,188017,Anthony Edwards,G,3.5,Rebounds,7,MIN,goblin,NBA_game_EpnlDYciPNqMZPLBm7WRo6K8,2025-03-16 23:10:00,New,2025-05-27_02-30-13
4125253,87500,Collin Sexton,G,34.5,Pts+Rebs+Asts,7,UTA,demon,NBA_game_EpnlDYciPNqMZPLBm7WRo6K8,2025-03-16 23:10:00,New,2025-05-27_02-30-13
4125239,188017,Anthony Edwards,G,34.5,Points,7,MIN,demon,NBA_game_EpnlDYciPNqMZPLBm7WRo6K8,2025-03-16 23:10:00,New,2025-05-27_02-30-13
4125300,25445,Jaden McDaniels,F,11.5,Points,7,MIN,goblin,NBA_game_EpnlDYciPNqMZPLBm7WRo6K8,2025-03-16 23:10:00,New,2025-05-27_02-30-13
4125383,79926,Lauri Markkanen,F-C,24.5,Points,7,UTA,demon,NBA_game_EpnlDYciPNqMZPLBm7WRo6K8,2025-03-16 23:10:00,New,2025-05-27_02-30-13
4125280,223674,Isaiah Collier,G,0.5,Steals,7,UTA,goblin,NBA_game_EpnlDYciPNqMZPLBm7WRo6K8,2025-03-16 23:10:00,New,2025-05-27_02-30-13
4125256,87500,Collin Sexton,G,1.5,Steals,7,UTA,demon,NBA_game_EpnlDYciPNqMZPLBm7WRo6K8,2025-03-16 23:10:00,New,2025-05-27_02-30-13
4125269,223674,Isaiah Collier,G,10.5,Assists,7,UTA,demon,NBA_game_EpnlDYciPNqMZPLBm7WRo6K8,2025-03-16 23:10:00,New,2025-05-27_02-30-13
4125468,79861,Walker Kessler,C,29.5,Pts+Rebs+Asts,7,UTA,demon,NBA_game_EpnlDYciPNqMZPLBm7WRo6K8,2025-03-16 23:10:00,New,2025-05-27_02-30-13
4125466,79861,Walker Kessler,C,15.5,Points,7,UTA,demon,NBA_game_EpnlDYciPNqMZPLBm7WRo6K8,2025-03-16 23:10:00,New,2025-05-27_02-30-13
4125473,79861,Walker Kessler,C,1.5,Steals,7,UTA,demon,NBA_game_EpnlDYciPNqMZPLBm7WRo6K8,2025-03-16 23:10:00,New,2025-05-27_02-30-13
4125246,87500,Collin Sexton,G,0.5,3-PT Made,7,UTA,goblin,NBA_game_EpnlDYciPNqMZPLBm7WRo6K8,2025-03-16 23:10:00,New,2025-05-27_02-30-13
4125268,223674,Isaiah Collier,G,6.5,Assists,7,UTA,goblin,NBA_game_EpnlDYciPNqMZPLBm7WRo6K8,2025-03-16 23:10:00,New,2025-05-27_02-30-13
4125467,79861,Walker Kessler,C,19.5,Pts+Rebs+Asts,7,UTA,goblin,NBA_game_EpnlDYciPNqMZPLBm7WRo6K8,2025-03-16 23:10:00,New,2025-05-27_02-30-13
4125278,223674,Isaiah Collier,G,2.5,Rebounds,7,UTA,goblin,NBA_game_EpnlDYciPNqMZPLBm7WRo6K8,2025-03-16 23:10:00,New,2025-05-27_02-30-13
4125279,223674,Isaiah Collier,G,5.5,Rebounds,7,UTA,demon,NBA_game_EpnlDYciPNqMZPLBm7WRo6K8,2025-03-16 23:10:00,New,2025-05-27_02-30-13
4125277,223674,Isaiah Collier,G,29.5,Pts+Rebs+Asts,7,UTA,demon,NBA_game_EpnlDYciPNqMZPLBm7WRo6K8,2025-03-16 23:10:00,New,2025-05-27_02-30-13
4125273,223674,Isaiah Collier,G,7.5,Points,7,UTA,goblin,NBA_game_EpnlDYciPNqMZPLBm7WRo6K8,2025-03-16 23:10:00,New,2025-05-27_02-30-13
4125271,223674,Isaiah Collier,G,0.5,Blocked Shots,7,UTA,demon,NBA_game_EpnlDYciPNqMZPLBm7WRo6K8,2025-03-16 23:10:00,New,2025-05-27_02-30-13
4125281,223674,Isaiah Collier,G,1.5,Steals,7,UTA,demon,NBA_game_EpnlDYciPNqMZPLBm7WRo6K8,2025-03-16 23:10:00,New,2025-05-27_02-30-13
4125276,223674,Isaiah Collier,G,19.5,Pts+Rebs+Asts,7,UTA,goblin,NBA_game_EpnlDYciPNqMZPLBm7WRo6K8,2025-03-16 23:10:00,New,2025-05-27_02-30-13
4125301,25445,Jaden McDaniels,F,17.5,Points,7,MIN,demon,NBA_game_EpnlDYciPNqMZPLBm7WRo6K8,2025-03-16 23:10:00,New,2025-05-27_02-30-13
4125305,25445,Jaden McDaniels,F,29.5,Pts+Rebs+Asts,7,MIN,demon,NBA_game_EpnlDYciPNqMZPLBm7WRo6K8,2025-03-16 23:10:00,New,2025-05-27_02-30-13
4125304,25445,Jaden McDaniels,F,19.5,Pts+Rebs+Asts,7,MIN,goblin,NBA_game_EpnlDYciPNqMZPLBm7WRo6K8,2025-03-16 23:10:00,New,2025-05-27_02-30-13
4125303,25445,Jaden McDaniels,F,20.5,Points,7,MIN,demon,NBA_game_EpnlDYciPNqMZPLBm7WRo6K8,2025-03-16 23:10:00,New,2025-05-27_02-30-13
4125295,25445,Jaden McDaniels,F,0.5,3-PT Made,7,MIN,goblin,NBA_game_EpnlDYciPNqMZPLBm7WRo6K8,2025-03-16 23:10:00,New,2025-05-27_02-30-13
4125310,25445,Jaden McDaniels,F,2.5,Steals,7,MIN,demon,NBA_game_EpnlDYciPNqMZPLBm7WRo6K8,2025-03-16 23:10:00,New,2025-05-27_02-30-13
4125353,216422,Julius Randle,F-C,1.5,Steals,7,MIN,demon,NBA_game_EpnlDYciPNqMZPLBm7WRo6K8,2025-03-16 23:10:00,New,2025-05-27_02-30-13
4125311,25445,Jaden McDaniels,F,0.5,Turnovers,7,MIN,goblin,NBA_game_EpnlDYciPNqMZPLBm7WRo6K8,2025-03-16 23:10:00,New,2025-05-27_02-30-13
4125307,25445,Jaden McDaniels,F,5.5,Rebounds,7,MIN,goblin,NBA_game_EpnlDYciPNqMZPLBm7WRo6K8,2025-03-16 23:10:00,New,2025-05-27_02-30-13
4125309,25445,Jaden McDaniels,F,8.5,Rebounds,7,MIN,demon,NBA_game_EpnlDYciPNqMZPLBm7WRo6K8,2025-03-16 23:10:00,New,2025-05-27_02-30-13
4125351,216422,Julius Randle,F-C,9.5,Rebounds,7,MIN,demon,NBA_game_EpnlDYciPNqMZPLBm7WRo6K8,2025-03-16 23:10:00,New,2025-05-27_02-30-13
4125352,216422,Julius Randle,F-C,0.5,Steals,7,MIN,goblin,NBA_game_EpnlDYciPNqMZPLBm7WRo6K8,2025-03-16 23:10:00,New,2025-05-27_02-30-13
4125350,216422,Julius Randle,F-C,5.5,Rebounds,7,MIN,goblin,NBA_game_EpnlDYciPNqMZPLBm7WRo6K8,2025-03-16 23:10:00,New,2025-05-27_02-30-13
4125348,216422,Julius Randle,F-C,24.5,Pts+Rebs+Asts,7,MIN,goblin,NBA_game_EpnlDYciPNqMZPLBm7WRo6K8,2025-03-16 23:10:00,New,2025-05-27_02-30-13
4125306,25445,Jaden McDaniels,F,4.5,Rebounds,7,MIN,goblin,NBA_game_EpnlDYciPNqMZPLBm7WRo6K8,2025-03-16 23:10:00,New,2025-05-27_02-30-13
4125308,25445,Jaden McDaniels,F,7.5,Rebounds,7,MIN,demon,NBA_game_EpnlDYciPNqMZPLBm7WRo6K8,2025-03-16 23:10:00,New,2025-05-27_02-30-13
4125386,79926,Lauri Markkanen,F-C,3.5,Rebounds,7,UTA,goblin,NBA_game_EpnlDYciPNqMZPLBm7WRo6K8,2025-03-16 23:10:00,New,2025-05-27_02-30-13
4125341,216422,Julius Randle,F-C,6.5,Assists,7,MIN,demon,NBA_game_EpnlDYciPNqMZPLBm7WRo6K8,2025-03-16 23:10:00,New,2025-05-27_02-30-13
4125343,216422,Julius Randle,F-C,0.5,Blocked Shots,7,MIN,demon,NBA_game_EpnlDYciPNqMZPLBm7WRo6K8,2025-03-16 23:10:00,New,2025-05-27_02-30-13
4125338,216422,Julius Randle,F-C,2.5,3-PT Made,7,MIN,demon,NBA_game_EpnlDYciPNqMZPLBm7WRo6K8,2025-03-16 23:10:00,New,2025-05-27_02-30-13
4125472,79861,Walker Kessler,C,14.5,Rebounds,7,UTA,demon,NBA_game_EpnlDYciPNqMZPLBm7WRo6K8,2025-03-16 23:10:00,New,2025-05-27_02-30-13
4125469,79861,Walker Kessler,C,7.5,Rebounds,7,UTA,goblin,NBA_game_EpnlDYciPNqMZPLBm7WRo6K8,2025-03-16 23:10:00,New,2025-05-27_02-30-13
4125470,79861,Walker Kessler,C,8.5,Rebounds,7,UTA,goblin,NBA_game_EpnlDYciPNqMZPLBm7WRo6K8,2025-03-16 23:10:00,New,2025-05-27_02-30-13
4125471,79861,Walker Kessler,C,13.5,Rebounds,7,UTA,demon,NBA_game_EpnlDYciPNqMZPLBm7WRo6K8,2025-03-16 23:10:00,New,2025-05-27_02-30-13
4125464,79861,Walker Kessler,C,3.5,Blocked Shots,7,UTA,demon,NBA_game_EpnlDYciPNqMZPLBm7WRo6K8,2025-03-16 23:10:00,New,2025-05-27_02-30-13
4125463,79861,Walker Kessler,C,1.5,Blocked Shots,7,UTA,goblin,NBA_game_EpnlDYciPNqMZPLBm7WRo6K8,2025-03-16 23:10:00,New,2025-05-27_02-30-13
4125462,79861,Walker Kessler,C,2.5,Assists,7,UTA,demon,NBA_game_EpnlDYciPNqMZPLBm7WRo6K8,2025-03-16 23:10:00,New,2025-05-27_02-30-13
4125465,79861,Walker Kessler,C,7.5,Points,7,UTA,goblin,NBA_game_EpnlDYciPNqMZPLBm7WRo6K8,2025-03-16 23:10:00,New,2025-05-27_02-30-13
4125459,87384,Rudy Gobert,C,0.5,Steals,7,MIN,goblin,NBA_game_EpnlDYciPNqMZPLBm7WRo6K8,2025-03-16 23:10:00,New,2025-05-27_02-30-13
4125461,79861,Walker Kessler,C,0.5,Assists,7,UTA,goblin,NBA_game_EpnlDYciPNqMZPLBm7WRo6K8,2025-03-16 23:10:00,New,2025-05-27_02-30-13
4125457,87384,Rudy Gobert,C,12.5,Rebounds,7,MIN,demon,NBA_game_EpnlDYciPNqMZPLBm7WRo6K8,2025-03-16 23:10:00,New,2025-05-27_02-30-13
4125458,87384,Rudy Gobert,C,13.5,Rebounds,7,MIN,demon,NBA_game_EpnlDYciPNqMZPLBm7WRo6K8,2025-03-16 23:10:00,New,2025-05-27_02-30-13
4125456,87384,Rudy Gobert,C,8.5,Rebounds,7,MIN,goblin,NBA_game_EpnlDYciPNqMZPLBm7WRo6K8,2025-03-16 23:10:00,New,2025-05-27_02-30-13
4125450,87384,Rudy Gobert,C,9.5,Points,7,MIN,goblin,NBA_game_EpnlDYciPNqMZPLBm7WRo6K8,2025-03-16 23:10:00,New,2025-05-27_02-30-13
4125454,87384,Rudy Gobert,C,29.5,Pts+Rebs+Asts,7,MIN,demon,NBA_game_EpnlDYciPNqMZPLBm7WRo6K8,2025-03-16 23:10:00,New,2025-05-27_02-30-13
4125455,87384,Rudy Gobert,C,7.5,Rebounds,7,MIN,goblin,NBA_game_EpnlDYciPNqMZPLBm7WRo6K8,2025-03-16 23:10:00,New,2025-05-27_02-30-13
4125449,87384,Rudy Gobert,C,8.5,Points,7,MIN,goblin,NBA_game_EpnlDYciPNqMZPLBm7WRo6K8,2025-03-16 23:10:00,New,2025-05-27_02-30-13
4125453,87384,Rudy Gobert,C,19.5,Pts+Rebs+Asts,7,MIN,goblin,NBA_game_EpnlDYciPNqMZPLBm7WRo6K8,2025-03-16 23:10:00,New,2025-05-27_02-30-13
4125448,87384,Rudy Gobert,C,2.5,Blocked Shots,7,MIN,demon,NBA_game_EpnlDYciPNqMZPLBm7WRo6K8,2025-03-16 23:10:00,New,2025-05-27_02-30-13
4125447,87384,Rudy Gobert,C,2.5,Assists,7,MIN,demon,NBA_game_EpnlDYciPNqMZPLBm7WRo6K8,2025-03-16 23:10:00,New,2025-05-27_02-30-13
4125236,188017,Anthony Edwards,G,7.5,Assists,7,MIN,demon,NBA_game_EpnlDYciPNqMZPLBm7WRo6K8,2025-03-16 23:10:00,New,2025-05-27_02-30-13
4125238,188017,Anthony Edwards,G,21.5,Points,7,MIN,goblin,NBA_game_EpnlDYciPNqMZPLBm7WRo6K8,2025-03-16 23:10:00,New,2025-05-27_02-30-13
4125233,188017,Anthony Edwards,G,2.5,3-PT Made,7,MIN,goblin,NBA_game_EpnlDYciPNqMZPLBm7WRo6K8,2025-03-16 23:10:00,New,2025-05-27_02-30-13
4125234,188017,Anthony Edwards,G,5.5,3-PT Made,7,MIN,demon,NBA_game_EpnlDYciPNqMZPLBm7WRo6K8,2025-03-16 23:10:00,New,2025-05-27_02-30-13
4125237,188017,Anthony Edwards,G,1.5,Blocked Shots,7,MIN,demon,NBA_game_EpnlDYciPNqMZPLBm7WRo6K8,2025-03-16 23:10:00,New,2025-05-27_02-30-13
4125235,188017,Anthony Edwards,G,3.5,Assists,7,MIN,goblin,NBA_game_EpnlDYciPNqMZPLBm7WRo6K8,2025-03-16 23:10:00,New,2025-05-27_02-30-13
4125250,87500,Collin Sexton,G,12.5,Points,7,UTA,goblin,NBA_game_EpnlDYciPNqMZPLBm7WRo6K8,2025-03-16 23:10:00,New,2025-05-27_02-30-13
4125254,87500,Collin Sexton,G,1.5,Rebounds,7,UTA,goblin,NBA_game_EpnlDYciPNqMZPLBm7WRo6K8,2025-03-16 23:10:00,New,2025-05-27_02-30-13
4125255,87500,Collin Sexton,G,3.5,Rebounds,7,UTA,demon,NBA_game_EpnlDYciPNqMZPLBm7WRo6K8,2025-03-16 23:10:00,New,2025-05-27_02-30-13
4125244,188017,Anthony Edwards,G,0.5,Steals,7,MIN,goblin,NBA_game_EpnlDYciPNqMZPLBm7WRo6K8,2025-03-16 23:10:00,New,2025-05-27_02-30-13
4125248,87500,Collin Sexton,G,3.5,Assists,7,UTA,goblin,NBA_game_EpnlDYciPNqMZPLBm7WRo6K8,2025-03-16 23:10:00,New,2025-05-27_02-30-13
4125249,87500,Collin Sexton,G,6.5,Assists,7,UTA,demon,NBA_game_EpnlDYciPNqMZPLBm7WRo6K8,2025-03-16 23:10:00,New,2025-05-27_02-30-13
4125245,188017,Anthony Edwards,G,2.5,Steals,7,MIN,demon,NBA_game_EpnlDYciPNqMZPLBm7WRo6K8,2025-03-16 23:10:00,New,2025-05-27_02-30-13
4125390,79926,Lauri Markkanen,F-C,1.5,Steals,7,UTA,demon,NBA_game_EpnlDYciPNqMZPLBm7WRo6K8,2025-03-16 23:10:00,New,2025-05-27_02-30-13
4125385,79926,Lauri Markkanen,F-C,29.5,Pts+Rebs+Asts,7,UTA,demon,NBA_game_EpnlDYciPNqMZPLBm7WRo6K8,2025-03-16 23:10:00,New,2025-05-27_02-30-13
4125384,79926,Lauri Markkanen,F-C,19.5,Pts+Rebs+Asts,7,UTA,goblin,NBA_game_EpnlDYciPNqMZPLBm7WRo6K8,2025-03-16 23:10:00,New,2025-05-27_02-30-13
4125389,79926,Lauri Markkanen,F-C,7.5,Rebounds,7,UTA,demon,NBA_game_EpnlDYciPNqMZPLBm7WRo6K8,2025-03-16 23:10:00,New,2025-05-27_02-30-13
4125387,79926,Lauri Markkanen,F-C,5.5,Rebounds,7,UTA,demon,NBA_game_EpnlDYciPNqMZPLBm7WRo6K8,2025-03-16 23:10:00,New,2025-05-27_02-30-13
4125241,188017,Anthony Edwards,G,44.5,Pts+Rebs+Asts,7,MIN,demon,NBA_game_EpnlDYciPNqMZPLBm7WRo6K8,2025-03-16 23:10:00,New,2025-05-27_02-30-13
4125251,87500,Collin Sexton,G,24.5,Points,7,UTA,demon,NBA_game_EpnlDYciPNqMZPLBm7WRo6K8,2025-03-16 23:10:00,New,2025-05-27_02-30-13
4125388,79926,Lauri Markkanen,F-C,6.5,Rebounds,7,UTA,demon,NBA_game_EpnlDYciPNqMZPLBm7WRo6K8,2025-03-16 23:10:00,New,2025-05-27_02-30-13
4125247,87500,Collin Sexton,G,2.5,3-PT Made,7,UTA,demon,NBA_game_EpnlDYciPNqMZPLBm7WRo6K8,2025-03-16 23:10:00,New,2025-05-27_02-30-13
4125252,87500,Collin Sexton,G,19.5,Pts+Rebs+Asts,7,UTA,goblin,NBA_game_EpnlDYciPNqMZPLBm7WRo6K8,2025-03-16 23:10:00,New,2025-05-27_02-30-13
4125240,188017,Anthony Edwards,G,34.5,Pts+Rebs+Asts,7,MIN,goblin,NBA_game_EpnlDYciPNqMZPLBm7WRo6K8,2025-03-16 23:10:00,New,2025-05-27_02-30-13
4125379,79926,Lauri Markkanen,F-C,4.5,3-PT Made,7,UTA,demon,NBA_game_EpnlDYciPNqMZPLBm7WRo6K8,2025-03-16 23:10:00,New,2025-05-27_02-30-13
4125381,79926,Lauri Markkanen,F-C,0.5,Blocked Shots,7,UTA,demon,NBA_game_EpnlDYciPNqMZPLBm7WRo6K8,2025-03-16 23:10:00,New,2025-05-27_02-30-13
4125380,79926,Lauri Markkanen,F-C,1.5,Assists,7,UTA,demon,NBA_game_EpnlDYciPNqMZPLBm7WRo6K8,2025-03-16 23:10:00,New,2025-05-27_02-30-13
4125382,79926,Lauri Markkanen,F-C,12.5,Points,7,UTA,goblin,NBA_game_EpnlDYciPNqMZPLBm7WRo6K8,2025-03-16 23:10:00,New,2025-05-27_02-30-13
4125267,223674,Isaiah Collier,G,5.5,Assists,7,UTA,goblin,NBA_game_EpnlDYciPNqMZPLBm7WRo6K8,2025-03-16 23:10:00,New,2025-05-27_02-30-13
4125266,223674,Isaiah Collier,G,1.5,3-PT Made,7,UTA,demon,NBA_game_EpnlDYciPNqMZPLBm7WRo6K8,2025-03-16 23:10:00,New,2025-05-27_02-30-13
4125272,223674,Isaiah Collier,G,6.5,Points,7,UTA,goblin,NBA_game_EpnlDYciPNqMZPLBm7WRo6K8,2025-03-16 23:10:00,New,2025-05-27_02-30-13
4125378,79926,Lauri Markkanen,F-C,1.5,3-PT Made,7,UTA,goblin,NBA_game_EpnlDYciPNqMZPLBm7WRo6K8,2025-03-16 23:10:00,New,2025-05-27_02-30-13
4125270,223674,Isaiah Collier,G,11.5,Assists,7,UTA,demon,NBA_game_EpnlDYciPNqMZPLBm7WRo6K8,2025-03-16 23:10:00,New,2025-05-27_02-30-13
4124954,56699,LaMelo Ball,G,12.0,Rebs+Asts,7,CHA,standard,NBA_game_12Sb4OayehTDfL3rPTQ20Cod,2025-03-16 23:10:00,New,2025-05-27_02-30-13
4124848,56699,LaMelo Ball,G,7.0,Assists,7,CHA,standard,NBA_game_12Sb4OayehTDfL3rPTQ20Cod,2025-03-16 23:10:00,New,2025-05-27_02-30-13
4124925,56699,LaMelo Ball,G,28.5,Pts+Rebs,7,CHA,standard,NBA_game_12Sb4OayehTDfL3rPTQ20Cod,2025-03-16 23:10:00,New,2025-05-27_02-30-13
4124832,56699,LaMelo Ball,G,4.5,Rebounds,7,CHA,standard,NBA_game_12Sb4OayehTDfL3rPTQ20Cod,2025-03-16 23:10:00,New,2025-05-27_02-30-13
4124883,56699,LaMelo Ball,G,35.5,Pts+Rebs+Asts,7,CHA,standard,NBA_game_12Sb4OayehTDfL3rPTQ20Cod,2025-03-16 23:10:00,New,2025-05-27_02-30-13
4124862,56699,LaMelo Ball,G,3.5,3-PT Made,7,CHA,standard,NBA_game_12Sb4OayehTDfL3rPTQ20Cod,2025-03-16 23:10:00,New,2025-05-27_02-30-13
4124944,56699,LaMelo Ball,G,30.5,Pts+Asts,7,CHA,standard,NBA_game_12Sb4OayehTDfL3rPTQ20Cod,2025-03-16 23:10:00,New,2025-05-27_02-30-13
4124777,56699,LaMelo Ball,G,23.0,Points,7,CHA,standard,NBA_game_12Sb4OayehTDfL3rPTQ20Cod,2025-03-16 23:10:00,New,2025-05-27_02-30-13
4124945,175245,James Harden,G,32.5,Pts+Asts,7,LAC,standard,NBA_game_12Sb4OayehTDfL3rPTQ20Cod,2025-03-16 23:10:00,New,2025-05-27_02-30-13
4124926,175245,James Harden,G,29.0,Pts+Rebs,7,LAC,standard,NBA_game_12Sb4OayehTDfL3rPTQ20Cod,2025-03-16 23:10:00,New,2025-05-27_02-30-13
4124999,175245,James Harden,G,1.5,Steals,7,LAC,standard,NBA_game_12Sb4OayehTDfL3rPTQ20Cod,2025-03-16 23:10:00,New,2025-05-27_02-30-13
4124778,175245,James Harden,G,23.0,Points,7,LAC,standard,NBA_game_12Sb4OayehTDfL3rPTQ20Cod,2025-03-16 23:10:00,New,2025-05-27_02-30-13
4124884,175245,James Harden,G,38.5,Pts+Rebs+Asts,7,LAC,standard,NBA_game_12Sb4OayehTDfL3rPTQ20Cod,2025-03-16 23:10:00,New,2025-05-27_02-30-13
4125020,175245,James Harden,G,3.5,Turnovers,7,LAC,standard,NBA_game_12Sb4OayehTDfL3rPTQ20Cod,2025-03-16 23:10:00,New,2025-05-27_02-30-13
4124833,175245,James Harden,G,6.0,Rebounds,7,LAC,standard,NBA_game_12Sb4OayehTDfL3rPTQ20Cod,2025-03-16 23:10:00,New,2025-05-27_02-30-13
4124849,175245,James Harden,G,9.0,Assists,7,LAC,standard,NBA_game_12Sb4OayehTDfL3rPTQ20Cod,2025-03-16 23:10:00,New,2025-05-27_02-30-13
4124955,175245,James Harden,G,15.0,Rebs+Asts,7,LAC,standard,NBA_game_12Sb4OayehTDfL3rPTQ20Cod,2025-03-16 23:10:00,New,2025-05-27_02-30-13
4125010,1540,Miles Bridges,F,1.5,Blks+Stls,7,CHA,standard,NBA_game_12Sb4OayehTDfL3rPTQ20Cod,2025-03-16 23:10:00,New,2025-05-27_02-30-13
4124834,1540,Miles Bridges,F,7.0,Rebounds,7,CHA,standard,NBA_game_12Sb4OayehTDfL3rPTQ20Cod,2025-03-16 23:10:00,New,2025-05-27_02-30-13
4124779,1540,Miles Bridges,F,22.0,Points,7,CHA,standard,NBA_game_12Sb4OayehTDfL3rPTQ20Cod,2025-03-16 23:10:00,New,2025-05-27_02-30-13
4124956,1540,Miles Bridges,F,11.0,Rebs+Asts,7,CHA,standard,NBA_game_12Sb4OayehTDfL3rPTQ20Cod,2025-03-16 23:10:00,New,2025-05-27_02-30-13
4124863,1540,Miles Bridges,F,2.5,3-PT Made,7,CHA,standard,NBA_game_12Sb4OayehTDfL3rPTQ20Cod,2025-03-16 23:10:00,New,2025-05-27_02-30-13
4124946,1540,Miles Bridges,F,26.0,Pts+Asts,7,CHA,standard,NBA_game_12Sb4OayehTDfL3rPTQ20Cod,2025-03-16 23:10:00,New,2025-05-27_02-30-13
4124927,1540,Miles Bridges,F,29.0,Pts+Rebs,7,CHA,standard,NBA_game_12Sb4OayehTDfL3rPTQ20Cod,2025-03-16 23:10:00,New,2025-05-27_02-30-13
4124885,1540,Miles Bridges,F,34.0,Pts+Rebs+Asts,7,CHA,standard,NBA_game_12Sb4OayehTDfL3rPTQ20Cod,2025-03-16 23:10:00,New,2025-05-27_02-30-13
4124835,188019,Kawhi Leonard,F,6.0,Rebounds,7,LAC,standard,NBA_game_12Sb4OayehTDfL3rPTQ20Cod,2025-03-16 23:10:00,New,2025-05-27_02-30-13
4124780,188019,Kawhi Leonard,F,21.5,Points,7,LAC,standard,NBA_game_12Sb4OayehTDfL3rPTQ20Cod,2025-03-16 23:10:00,New,2025-05-27_02-30-13
4124957,188019,Kawhi Leonard,F,9.0,Rebs+Asts,7,LAC,standard,NBA_game_12Sb4OayehTDfL3rPTQ20Cod,2025-03-16 23:10:00,New,2025-05-27_02-30-13
4124928,188019,Kawhi Leonard,F,27.5,Pts+Rebs,7,LAC,standard,NBA_game_12Sb4OayehTDfL3rPTQ20Cod,2025-03-16 23:10:00,New,2025-05-27_02-30-13
4124886,188019,Kawhi Leonard,F,30.5,Pts+Rebs+Asts,7,LAC,standard,NBA_game_12Sb4OayehTDfL3rPTQ20Cod,2025-03-16 23:10:00,New,2025-05-27_02-30-13
4124947,188019,Kawhi Leonard,F,24.5,Pts+Asts,7,LAC,standard,NBA_game_12Sb4OayehTDfL3rPTQ20Cod,2025-03-16 23:10:00,New,2025-05-27_02-30-13
4124887,79858,Mark Williams,C,25.5,Pts+Rebs+Asts,7,CHA,standard,NBA_game_12Sb4OayehTDfL3rPTQ20Cod,2025-03-16 23:10:00,New,2025-05-27_02-30-13
4124929,79858,Mark Williams,C,23.5,Pts+Rebs,7,CHA,standard,NBA_game_12Sb4OayehTDfL3rPTQ20Cod,2025-03-16 23:10:00,New,2025-05-27_02-30-13
4124958,79858,Mark Williams,C,12.0,Rebs+Asts,7,CHA,standard,NBA_game_12Sb4OayehTDfL3rPTQ20Cod,2025-03-16 23:10:00,New,2025-05-27_02-30-13
4124781,79858,Mark Williams,C,13.5,Points,7,CHA,standard,NBA_game_12Sb4OayehTDfL3rPTQ20Cod,2025-03-16 23:10:00,New,2025-05-27_02-30-13
4124948,79858,Mark Williams,C,15.5,Pts+Asts,7,CHA,standard,NBA_game_12Sb4OayehTDfL3rPTQ20Cod,2025-03-16 23:10:00,New,2025-05-27_02-30-13
4124836,79858,Mark Williams,C,10.0,Rebounds,7,CHA,standard,NBA_game_12Sb4OayehTDfL3rPTQ20Cod,2025-03-16 23:10:00,New,2025-05-27_02-30-13
4124888,59729,Norman Powell,G,22.0,Pts+Rebs+Asts,7,LAC,standard,NBA_game_12Sb4OayehTDfL3rPTQ20Cod,2025-03-16 23:10:00,New,2025-05-27_02-30-13
4124782,59729,Norman Powell,G,17.5,Points,7,LAC,standard,NBA_game_12Sb4OayehTDfL3rPTQ20Cod,2025-03-16 23:10:00,New,2025-05-27_02-30-13
4124930,59729,Norman Powell,G,20.5,Pts+Rebs,7,LAC,standard,NBA_game_12Sb4OayehTDfL3rPTQ20Cod,2025-03-16 23:10:00,New,2025-05-27_02-30-13
4124949,59729,Norman Powell,G,19.5,Pts+Asts,7,LAC,standard,NBA_game_12Sb4OayehTDfL3rPTQ20Cod,2025-03-16 23:10:00,New,2025-05-27_02-30-13
4124959,59729,Norman Powell,G,4.5,Rebs+Asts,7,LAC,standard,NBA_game_12Sb4OayehTDfL3rPTQ20Cod,2025-03-16 23:10:00,New,2025-05-27_02-30-13
4124853,59729,Norman Powell,G,1.5,Assists,7,LAC,standard,NBA_game_12Sb4OayehTDfL3rPTQ20Cod,2025-03-16 23:10:00,New,2025-05-27_02-30-13
4124950,216721,Josh Green,G,8.5,Pts+Asts,7,CHA,standard,NBA_game_12Sb4OayehTDfL3rPTQ20Cod,2025-03-16 23:10:00,New,2025-05-27_02-30-13
4124854,216721,Josh Green,G,1.5,Assists,7,CHA,standard,NBA_game_12Sb4OayehTDfL3rPTQ20Cod,2025-03-16 23:10:00,New,2025-05-27_02-30-13
4124783,216721,Josh Green,G,6.5,Points,7,CHA,standard,NBA_game_12Sb4OayehTDfL3rPTQ20Cod,2025-03-16 23:10:00,New,2025-05-27_02-30-13
4124838,216721,Josh Green,G,2.5,Rebounds,7,CHA,standard,NBA_game_12Sb4OayehTDfL3rPTQ20Cod,2025-03-16 23:10:00,New,2025-05-27_02-30-13
4124889,216721,Josh Green,G,11.5,Pts+Rebs+Asts,7,CHA,standard,NBA_game_12Sb4OayehTDfL3rPTQ20Cod,2025-03-16 23:10:00,New,2025-05-27_02-30-13
4124931,216721,Josh Green,G,9.5,Pts+Rebs,7,CHA,standard,NBA_game_12Sb4OayehTDfL3rPTQ20Cod,2025-03-16 23:10:00,New,2025-05-27_02-30-13
4124784,3828,Ivica Zubac,C,16.5,Points,7,LAC,standard,NBA_game_12Sb4OayehTDfL3rPTQ20Cod,2025-03-16 23:10:00,New,2025-05-27_02-30-13
4124839,3828,Ivica Zubac,C,12.0,Rebounds,7,LAC,standard,NBA_game_12Sb4OayehTDfL3rPTQ20Cod,2025-03-16 23:10:00,New,2025-05-27_02-30-13
4124961,3828,Ivica Zubac,C,14.5,Rebs+Asts,7,LAC,standard,NBA_game_12Sb4OayehTDfL3rPTQ20Cod,2025-03-16 23:10:00,New,2025-05-27_02-30-13
4124932,3828,Ivica Zubac,C,28.5,Pts+Rebs,7,LAC,standard,NBA_game_12Sb4OayehTDfL3rPTQ20Cod,2025-03-16 23:10:00,New,2025-05-27_02-30-13
4124890,3828,Ivica Zubac,C,32.0,Pts+Rebs+Asts,7,LAC,standard,NBA_game_12Sb4OayehTDfL3rPTQ20Cod,2025-03-16 23:10:00,New,2025-05-27_02-30-13
4124951,3828,Ivica Zubac,C,19.0,Pts+Asts,7,LAC,standard,NBA_game_12Sb4OayehTDfL3rPTQ20Cod,2025-03-16 23:10:00,New,2025-05-27_02-30-13
4124933,227328,DaQuan Jeffries,G-F,9.5,Pts+Rebs,7,CHA,standard,NBA_game_12Sb4OayehTDfL3rPTQ20Cod,2025-03-16 23:10:00,New,2025-05-27_02-30-13
4124891,227328,DaQuan Jeffries,G-F,11.0,Pts+Rebs+Asts,7,CHA,standard,NBA_game_12Sb4OayehTDfL3rPTQ20Cod,2025-03-16 23:10:00,New,2025-05-27_02-30-13
4124785,227328,DaQuan Jeffries,G-F,7.0,Points,7,CHA,standard,NBA_game_12Sb4OayehTDfL3rPTQ20Cod,2025-03-16 23:10:00,New,2025-05-27_02-30-13
4124952,227328,DaQuan Jeffries,G-F,8.0,Pts+Asts,7,CHA,standard,NBA_game_12Sb4OayehTDfL3rPTQ20Cod,2025-03-16 23:10:00,New,2025-05-27_02-30-13
4124786,25200,Nicolas Batum,G-F,5.5,Points,7,LAC,standard,NBA_game_12Sb4OayehTDfL3rPTQ20Cod,2025-03-16 23:10:00,New,2025-05-27_02-30-13
4124892,25200,Nicolas Batum,G-F,11.0,Pts+Rebs+Asts,7,LAC,standard,NBA_game_12Sb4OayehTDfL3rPTQ20Cod,2025-03-16 23:10:00,New,2025-05-27_02-30-13
4124934,25200,Nicolas Batum,G-F,9.0,Pts+Rebs,7,LAC,standard,NBA_game_12Sb4OayehTDfL3rPTQ20Cod,2025-03-16 23:10:00,New,2025-05-27_02-30-13
4124953,25200,Nicolas Batum,G-F,7.5,Pts+Asts,7,LAC,standard,NBA_game_12Sb4OayehTDfL3rPTQ20Cod,2025-03-16 23:10:00,New,2025-05-27_02-30-13
4127125,182761,Nick Smith Jr.,G,9.0,Points,7,CHA,standard,NBA_game_12Sb4OayehTDfL3rPTQ20Cod,2025-03-16 23:10:00,New,2025-05-27_02-30-13
4127126,182761,Nick Smith Jr.,G,13.5,Pts+Rebs+Asts,7,CHA,standard,NBA_game_12Sb4OayehTDfL3rPTQ20Cod,2025-03-16 23:10:00,New,2025-05-27_02-30-13
4127138,182761,Nick Smith Jr.,G,11.0,Pts+Asts,7,CHA,standard,NBA_game_12Sb4OayehTDfL3rPTQ20Cod,2025-03-16 23:10:00,New,2025-05-27_02-30-13
4127137,182761,Nick Smith Jr.,G,11.5,Pts+Rebs,7,CHA,standard,NBA_game_12Sb4OayehTDfL3rPTQ20Cod,2025-03-16 23:10:00,New,2025-05-27_02-30-13
4127294,227882,Jusuf Nurkić,C,4.5,Rebounds,7,CHA,standard,NBA_game_12Sb4OayehTDfL3rPTQ20Cod,2025-03-16 23:10:00,New,2025-05-27_02-30-13
4127292,227882,Jusuf Nurkić,C,5.5,Points,7,CHA,standard,NBA_game_12Sb4OayehTDfL3rPTQ20Cod,2025-03-16 23:10:00,New,2025-05-27_02-30-13
4127293,227882,Jusuf Nurkić,C,11.5,Pts+Rebs+Asts,7,CHA,standard,NBA_game_12Sb4OayehTDfL3rPTQ20Cod,2025-03-16 23:10:00,New,2025-05-27_02-30-13
4127297,227882,Jusuf Nurkić,C,7.0,Pts+Asts,7,CHA,standard,NBA_game_12Sb4OayehTDfL3rPTQ20Cod,2025-03-16 23:10:00,New,2025-05-27_02-30-13
4127296,227882,Jusuf Nurkić,C,10.0,Pts+Rebs,7,CHA,standard,NBA_game_12Sb4OayehTDfL3rPTQ20Cod,2025-03-16 23:10:00,New,2025-05-27_02-30-13
4125444,59729,Norman Powell,G,3.5,Rebounds,7,LAC,demon,NBA_game_12Sb4OayehTDfL3rPTQ20Cod,2025-03-16 23:10:00,New,2025-05-27_02-30-13
4125441,59729,Norman Powell,G,12.5,Points,7,LAC,goblin,NBA_game_12Sb4OayehTDfL3rPTQ20Cod,2025-03-16 23:10:00,New,2025-05-27_02-30-13
4125443,59729,Norman Powell,G,29.5,Pts+Rebs+Asts,7,LAC,demon,NBA_game_12Sb4OayehTDfL3rPTQ20Cod,2025-03-16 23:10:00,New,2025-05-27_02-30-13
4125445,59729,Norman Powell,G,1.5,Steals,7,LAC,demon,NBA_game_12Sb4OayehTDfL3rPTQ20Cod,2025-03-16 23:10:00,New,2025-05-27_02-30-13
4125439,59729,Norman Powell,G,2.5,Assists,7,LAC,demon,NBA_game_12Sb4OayehTDfL3rPTQ20Cod,2025-03-16 23:10:00,New,2025-05-27_02-30-13
4125440,59729,Norman Powell,G,0.5,Blocked Shots,7,LAC,demon,NBA_game_12Sb4OayehTDfL3rPTQ20Cod,2025-03-16 23:10:00,New,2025-05-27_02-30-13
4125446,59729,Norman Powell,G,1.5,Turnovers,7,LAC,demon,NBA_game_12Sb4OayehTDfL3rPTQ20Cod,2025-03-16 23:10:00,New,2025-05-27_02-30-13
4125429,25200,Nicolas Batum,G-F,2.5,Assists,7,LAC,demon,NBA_game_12Sb4OayehTDfL3rPTQ20Cod,2025-03-16 23:10:00,New,2025-05-27_02-30-13
4125332,216721,Josh Green,G,9.5,Points,7,CHA,demon,NBA_game_12Sb4OayehTDfL3rPTQ20Cod,2025-03-16 23:10:00,New,2025-05-27_02-30-13
4125370,56699,LaMelo Ball,G,19.5,Points,7,CHA,goblin,NBA_game_12Sb4OayehTDfL3rPTQ20Cod,2025-03-16 23:10:00,New,2025-05-27_02-30-13
4125317,175245,James Harden,G,12.5,Assists,7,LAC,demon,NBA_game_12Sb4OayehTDfL3rPTQ20Cod,2025-03-16 23:10:00,New,2025-05-27_02-30-13
4125369,56699,LaMelo Ball,G,17.5,Points,7,CHA,goblin,NBA_game_12Sb4OayehTDfL3rPTQ20Cod,2025-03-16 23:10:00,New,2025-05-27_02-30-13
4125371,56699,LaMelo Ball,G,29.5,Points,7,CHA,demon,NBA_game_12Sb4OayehTDfL3rPTQ20Cod,2025-03-16 23:10:00,New,2025-05-27_02-30-13
4125258,227328,DaQuan Jeffries,G-F,2.5,3-PT Made,7,CHA,demon,NBA_game_12Sb4OayehTDfL3rPTQ20Cod,2025-03-16 23:10:00,New,2025-05-27_02-30-13
4125417,1540,Miles Bridges,F,16.5,Points,7,CHA,goblin,NBA_game_12Sb4OayehTDfL3rPTQ20Cod,2025-03-16 23:10:00,New,2025-05-27_02-30-13
4125358,188019,Kawhi Leonard,F,15.5,Points,7,LAC,goblin,NBA_game_12Sb4OayehTDfL3rPTQ20Cod,2025-03-16 23:10:00,New,2025-05-27_02-30-13
4125430,25200,Nicolas Batum,G-F,4.5,Points,7,LAC,goblin,NBA_game_12Sb4OayehTDfL3rPTQ20Cod,2025-03-16 23:10:00,New,2025-05-27_02-30-13
4125361,188019,Kawhi Leonard,F,39.5,Pts+Rebs+Asts,7,LAC,demon,NBA_game_12Sb4OayehTDfL3rPTQ20Cod,2025-03-16 23:10:00,New,2025-05-27_02-30-13
4125329,216721,Josh Green,G,0.5,Blocked Shots,7,CHA,demon,NBA_game_12Sb4OayehTDfL3rPTQ20Cod,2025-03-16 23:10:00,New,2025-05-27_02-30-13
4125328,216721,Josh Green,G,2.5,Assists,7,CHA,demon,NBA_game_12Sb4OayehTDfL3rPTQ20Cod,2025-03-16 23:10:00,New,2025-05-27_02-30-13
4125325,175245,James Harden,G,8.5,Rebounds,7,LAC,demon,NBA_game_12Sb4OayehTDfL3rPTQ20Cod,2025-03-16 23:10:00,New,2025-05-27_02-30-13
4125323,175245,James Harden,G,49.5,Pts+Rebs+Asts,7,LAC,demon,NBA_game_12Sb4OayehTDfL3rPTQ20Cod,2025-03-16 23:10:00,New,2025-05-27_02-30-13
4125319,175245,James Harden,G,19.5,Points,7,LAC,goblin,NBA_game_12Sb4OayehTDfL3rPTQ20Cod,2025-03-16 23:10:00,New,2025-05-27_02-30-13
4125322,175245,James Harden,G,34.5,Pts+Rebs+Asts,7,LAC,goblin,NBA_game_12Sb4OayehTDfL3rPTQ20Cod,2025-03-16 23:10:00,New,2025-05-27_02-30-13
4125326,216721,Josh Green,G,0.5,3-PT Made,7,CHA,goblin,NBA_game_12Sb4OayehTDfL3rPTQ20Cod,2025-03-16 23:10:00,New,2025-05-27_02-30-13
4125318,175245,James Harden,G,17.5,Points,7,LAC,goblin,NBA_game_12Sb4OayehTDfL3rPTQ20Cod,2025-03-16 23:10:00,New,2025-05-27_02-30-13
4125321,175245,James Harden,G,30.5,Points,7,LAC,demon,NBA_game_12Sb4OayehTDfL3rPTQ20Cod,2025-03-16 23:10:00,New,2025-05-27_02-30-13
4125320,175245,James Harden,G,29.5,Points,7,LAC,demon,NBA_game_12Sb4OayehTDfL3rPTQ20Cod,2025-03-16 23:10:00,New,2025-05-27_02-30-13
4125324,175245,James Harden,G,4.5,Rebounds,7,LAC,goblin,NBA_game_12Sb4OayehTDfL3rPTQ20Cod,2025-03-16 23:10:00,New,2025-05-27_02-30-13
4125315,175245,James Harden,G,8.5,Assists,7,LAC,goblin,NBA_game_12Sb4OayehTDfL3rPTQ20Cod,2025-03-16 23:10:00,New,2025-05-27_02-30-13
4125316,175245,James Harden,G,11.5,Assists,7,LAC,demon,NBA_game_12Sb4OayehTDfL3rPTQ20Cod,2025-03-16 23:10:00,New,2025-05-27_02-30-13
4125313,175245,James Harden,G,5.5,3-PT Made,7,LAC,demon,NBA_game_12Sb4OayehTDfL3rPTQ20Cod,2025-03-16 23:10:00,New,2025-05-27_02-30-13
4125314,175245,James Harden,G,7.5,Assists,7,LAC,goblin,NBA_game_12Sb4OayehTDfL3rPTQ20Cod,2025-03-16 23:10:00,New,2025-05-27_02-30-13
4125312,175245,James Harden,G,2.5,3-PT Made,7,LAC,goblin,NBA_game_12Sb4OayehTDfL3rPTQ20Cod,2025-03-16 23:10:00,New,2025-05-27_02-30-13
4125356,188019,Kawhi Leonard,F,2.5,Assists,7,LAC,goblin,NBA_game_12Sb4OayehTDfL3rPTQ20Cod,2025-03-16 23:10:00,New,2025-05-27_02-30-13
4125355,188019,Kawhi Leonard,F,2.5,3-PT Made,7,LAC,demon,NBA_game_12Sb4OayehTDfL3rPTQ20Cod,2025-03-16 23:10:00,New,2025-05-27_02-30-13
4125357,188019,Kawhi Leonard,F,4.5,Assists,7,LAC,demon,NBA_game_12Sb4OayehTDfL3rPTQ20Cod,2025-03-16 23:10:00,New,2025-05-27_02-30-13
4125359,188019,Kawhi Leonard,F,27.5,Points,7,LAC,demon,NBA_game_12Sb4OayehTDfL3rPTQ20Cod,2025-03-16 23:10:00,New,2025-05-27_02-30-13
4125364,56699,LaMelo Ball,G,2.5,3-PT Made,7,CHA,goblin,NBA_game_12Sb4OayehTDfL3rPTQ20Cod,2025-03-16 23:10:00,New,2025-05-27_02-30-13
4125368,56699,LaMelo Ball,G,0.5,Blocked Shots,7,CHA,demon,NBA_game_12Sb4OayehTDfL3rPTQ20Cod,2025-03-16 23:10:00,New,2025-05-27_02-30-13
4125365,56699,LaMelo Ball,G,5.5,3-PT Made,7,CHA,demon,NBA_game_12Sb4OayehTDfL3rPTQ20Cod,2025-03-16 23:10:00,New,2025-05-27_02-30-13
4125294,3828,Ivica Zubac,C,0.5,Steals,7,LAC,goblin,NBA_game_12Sb4OayehTDfL3rPTQ20Cod,2025-03-16 23:10:00,New,2025-05-27_02-30-13
4125292,3828,Ivica Zubac,C,14.5,Rebounds,7,LAC,demon,NBA_game_12Sb4OayehTDfL3rPTQ20Cod,2025-03-16 23:10:00,New,2025-05-27_02-30-13
4125290,3828,Ivica Zubac,C,9.5,Rebounds,7,LAC,goblin,NBA_game_12Sb4OayehTDfL3rPTQ20Cod,2025-03-16 23:10:00,New,2025-05-27_02-30-13
4125293,3828,Ivica Zubac,C,15.5,Rebounds,7,LAC,demon,NBA_game_12Sb4OayehTDfL3rPTQ20Cod,2025-03-16 23:10:00,New,2025-05-27_02-30-13
4125285,3828,Ivica Zubac,C,14.5,Points,7,LAC,goblin,NBA_game_12Sb4OayehTDfL3rPTQ20Cod,2025-03-16 23:10:00,New,2025-05-27_02-30-13
4125291,3828,Ivica Zubac,C,10.5,Rebounds,7,LAC,goblin,NBA_game_12Sb4OayehTDfL3rPTQ20Cod,2025-03-16 23:10:00,New,2025-05-27_02-30-13
4125289,3828,Ivica Zubac,C,39.5,Pts+Rebs+Asts,7,LAC,demon,NBA_game_12Sb4OayehTDfL3rPTQ20Cod,2025-03-16 23:10:00,New,2025-05-27_02-30-13
4125288,3828,Ivica Zubac,C,29.5,Pts+Rebs+Asts,7,LAC,goblin,NBA_game_12Sb4OayehTDfL3rPTQ20Cod,2025-03-16 23:10:00,New,2025-05-27_02-30-13
4125360,188019,Kawhi Leonard,F,24.5,Pts+Rebs+Asts,7,LAC,goblin,NBA_game_12Sb4OayehTDfL3rPTQ20Cod,2025-03-16 23:10:00,New,2025-05-27_02-30-13
4125362,188019,Kawhi Leonard,F,4.5,Rebounds,7,LAC,goblin,NBA_game_12Sb4OayehTDfL3rPTQ20Cod,2025-03-16 23:10:00,New,2025-05-27_02-30-13
4125373,56699,LaMelo Ball,G,29.5,Pts+Rebs+Asts,7,CHA,goblin,NBA_game_12Sb4OayehTDfL3rPTQ20Cod,2025-03-16 23:10:00,New,2025-05-27_02-30-13
4125367,56699,LaMelo Ball,G,9.5,Assists,7,CHA,demon,NBA_game_12Sb4OayehTDfL3rPTQ20Cod,2025-03-16 23:10:00,New,2025-05-27_02-30-13
4125363,188019,Kawhi Leonard,F,8.5,Rebounds,7,LAC,demon,NBA_game_12Sb4OayehTDfL3rPTQ20Cod,2025-03-16 23:10:00,New,2025-05-27_02-30-13
4125376,56699,LaMelo Ball,G,7.5,Rebounds,7,CHA,demon,NBA_game_12Sb4OayehTDfL3rPTQ20Cod,2025-03-16 23:10:00,New,2025-05-27_02-30-13
4125282,3828,Ivica Zubac,C,3.5,Assists,7,LAC,demon,NBA_game_12Sb4OayehTDfL3rPTQ20Cod,2025-03-16 23:10:00,New,2025-05-27_02-30-13
4125283,3828,Ivica Zubac,C,0.5,Blocked Shots,7,LAC,goblin,NBA_game_12Sb4OayehTDfL3rPTQ20Cod,2025-03-16 23:10:00,New,2025-05-27_02-30-13
4125377,56699,LaMelo Ball,G,1.5,Steals,7,CHA,demon,NBA_game_12Sb4OayehTDfL3rPTQ20Cod,2025-03-16 23:10:00,New,2025-05-27_02-30-13
4125262,227328,DaQuan Jeffries,G-F,4.5,Points,7,CHA,goblin,NBA_game_12Sb4OayehTDfL3rPTQ20Cod,2025-03-16 23:10:00,New,2025-05-27_02-30-13
4125265,227328,DaQuan Jeffries,G-F,3.5,Rebounds,7,CHA,demon,NBA_game_12Sb4OayehTDfL3rPTQ20Cod,2025-03-16 23:10:00,New,2025-05-27_02-30-13
4125374,56699,LaMelo Ball,G,44.5,Pts+Rebs+Asts,7,CHA,demon,NBA_game_12Sb4OayehTDfL3rPTQ20Cod,2025-03-16 23:10:00,New,2025-05-27_02-30-13
4125260,227328,DaQuan Jeffries,G-F,0.5,Blocked Shots,7,CHA,demon,NBA_game_12Sb4OayehTDfL3rPTQ20Cod,2025-03-16 23:10:00,New,2025-05-27_02-30-13
4125264,227328,DaQuan Jeffries,G-F,11.5,Points,7,CHA,demon,NBA_game_12Sb4OayehTDfL3rPTQ20Cod,2025-03-16 23:10:00,New,2025-05-27_02-30-13
4125263,227328,DaQuan Jeffries,G-F,9.5,Points,7,CHA,demon,NBA_game_12Sb4OayehTDfL3rPTQ20Cod,2025-03-16 23:10:00,New,2025-05-27_02-30-13
4125261,227328,DaQuan Jeffries,G-F,3.5,Points,7,CHA,goblin,NBA_game_12Sb4OayehTDfL3rPTQ20Cod,2025-03-16 23:10:00,New,2025-05-27_02-30-13
4125375,56699,LaMelo Ball,G,3.5,Rebounds,7,CHA,goblin,NBA_game_12Sb4OayehTDfL3rPTQ20Cod,2025-03-16 23:10:00,New,2025-05-27_02-30-13
4125257,227328,DaQuan Jeffries,G-F,0.5,3-PT Made,7,CHA,goblin,NBA_game_12Sb4OayehTDfL3rPTQ20Cod,2025-03-16 23:10:00,New,2025-05-27_02-30-13
4125395,79858,Mark Williams,C,18.5,Points,7,CHA,demon,NBA_game_12Sb4OayehTDfL3rPTQ20Cod,2025-03-16 23:10:00,New,2025-05-27_02-30-13
4125396,79858,Mark Williams,C,19.5,Points,7,CHA,demon,NBA_game_12Sb4OayehTDfL3rPTQ20Cod,2025-03-16 23:10:00,New,2025-05-27_02-30-13
4125392,79858,Mark Williams,C,1.5,Blocked Shots,7,CHA,demon,NBA_game_12Sb4OayehTDfL3rPTQ20Cod,2025-03-16 23:10:00,New,2025-05-27_02-30-13
4125391,79858,Mark Williams,C,2.5,Assists,7,CHA,demon,NBA_game_12Sb4OayehTDfL3rPTQ20Cod,2025-03-16 23:10:00,New,2025-05-27_02-30-13
4125259,227328,DaQuan Jeffries,G-F,1.5,Assists,7,CHA,demon,NBA_game_12Sb4OayehTDfL3rPTQ20Cod,2025-03-16 23:10:00,New,2025-05-27_02-30-13
4125393,79858,Mark Williams,C,9.5,Points,7,CHA,goblin,NBA_game_12Sb4OayehTDfL3rPTQ20Cod,2025-03-16 23:10:00,New,2025-05-27_02-30-13
4125398,79858,Mark Williams,C,34.5,Pts+Rebs+Asts,7,CHA,demon,NBA_game_12Sb4OayehTDfL3rPTQ20Cod,2025-03-16 23:10:00,New,2025-05-27_02-30-13
4125402,79858,Mark Williams,C,13.5,Rebounds,7,CHA,demon,NBA_game_12Sb4OayehTDfL3rPTQ20Cod,2025-03-16 23:10:00,New,2025-05-27_02-30-13
4125397,79858,Mark Williams,C,19.5,Pts+Rebs+Asts,7,CHA,goblin,NBA_game_12Sb4OayehTDfL3rPTQ20Cod,2025-03-16 23:10:00,New,2025-05-27_02-30-13
4125399,79858,Mark Williams,C,7.5,Rebounds,7,CHA,goblin,NBA_game_12Sb4OayehTDfL3rPTQ20Cod,2025-03-16 23:10:00,New,2025-05-27_02-30-13
4125401,79858,Mark Williams,C,12.5,Rebounds,7,CHA,demon,NBA_game_12Sb4OayehTDfL3rPTQ20Cod,2025-03-16 23:10:00,New,2025-05-27_02-30-13
4125400,79858,Mark Williams,C,8.5,Rebounds,7,CHA,goblin,NBA_game_12Sb4OayehTDfL3rPTQ20Cod,2025-03-16 23:10:00,New,2025-05-27_02-30-13
4125419,1540,Miles Bridges,F,24.5,Points,7,CHA,demon,NBA_game_12Sb4OayehTDfL3rPTQ20Cod,2025-03-16 23:10:00,New,2025-05-27_02-30-13
4125418,1540,Miles Bridges,F,17.5,Points,7,CHA,goblin,NBA_game_12Sb4OayehTDfL3rPTQ20Cod,2025-03-16 23:10:00,New,2025-05-27_02-30-13
4125421,1540,Miles Bridges,F,29.5,Pts+Rebs+Asts,7,CHA,goblin,NBA_game_12Sb4OayehTDfL3rPTQ20Cod,2025-03-16 23:10:00,New,2025-05-27_02-30-13
4125423,1540,Miles Bridges,F,5.5,Rebounds,7,CHA,goblin,NBA_game_12Sb4OayehTDfL3rPTQ20Cod,2025-03-16 23:10:00,New,2025-05-27_02-30-13
4125426,25200,Nicolas Batum,G-F,1.5,3-PT Made,7,LAC,standard,NBA_game_12Sb4OayehTDfL3rPTQ20Cod,2025-03-16 23:10:00,New,2025-05-27_02-30-13
4125420,1540,Miles Bridges,F,29.5,Points,7,CHA,demon,NBA_game_12Sb4OayehTDfL3rPTQ20Cod,2025-03-16 23:10:00,New,2025-05-27_02-30-13
4125424,1540,Miles Bridges,F,10.5,Rebounds,7,CHA,demon,NBA_game_12Sb4OayehTDfL3rPTQ20Cod,2025-03-16 23:10:00,New,2025-05-27_02-30-13
4125422,1540,Miles Bridges,F,39.5,Pts+Rebs+Asts,7,CHA,demon,NBA_game_12Sb4OayehTDfL3rPTQ20Cod,2025-03-16 23:10:00,New,2025-05-27_02-30-13
4125427,25200,Nicolas Batum,G-F,3.5,3-PT Made,7,LAC,demon,NBA_game_12Sb4OayehTDfL3rPTQ20Cod,2025-03-16 23:10:00,New,2025-05-27_02-30-13
4125425,1540,Miles Bridges,F,0.5,Steals,7,CHA,goblin,NBA_game_12Sb4OayehTDfL3rPTQ20Cod,2025-03-16 23:10:00,New,2025-05-27_02-30-13
4125433,25200,Nicolas Batum,G-F,19.5,Pts+Rebs+Asts,7,LAC,demon,NBA_game_12Sb4OayehTDfL3rPTQ20Cod,2025-03-16 23:10:00,New,2025-05-27_02-30-13
4125431,25200,Nicolas Batum,G-F,11.5,Points,7,LAC,demon,NBA_game_12Sb4OayehTDfL3rPTQ20Cod,2025-03-16 23:10:00,New,2025-05-27_02-30-13
4125437,59729,Norman Powell,G,1.5,3-PT Made,7,LAC,goblin,NBA_game_12Sb4OayehTDfL3rPTQ20Cod,2025-03-16 23:10:00,New,2025-05-27_02-30-13
4125434,25200,Nicolas Batum,G-F,2.5,Rebounds,7,LAC,goblin,NBA_game_12Sb4OayehTDfL3rPTQ20Cod,2025-03-16 23:10:00,New,2025-05-27_02-30-13
4125432,25200,Nicolas Batum,G-F,9.5,Pts+Rebs+Asts,7,LAC,goblin,NBA_game_12Sb4OayehTDfL3rPTQ20Cod,2025-03-16 23:10:00,New,2025-05-27_02-30-13
4125435,25200,Nicolas Batum,G-F,5.5,Rebounds,7,LAC,demon,NBA_game_12Sb4OayehTDfL3rPTQ20Cod,2025-03-16 23:10:00,New,2025-05-27_02-30-13
4125436,25200,Nicolas Batum,G-F,0.5,Steals,7,LAC,goblin,NBA_game_12Sb4OayehTDfL3rPTQ20Cod,2025-03-16 23:10:00,New,2025-05-27_02-30-13
4125442,59729,Norman Powell,G,24.5,Points,7,LAC,demon,NBA_game_12Sb4OayehTDfL3rPTQ20Cod,2025-03-16 23:10:00,New,2025-05-27_02-30-13
4125394,79858,Mark Williams,C,11.5,Points,7,CHA,goblin,NBA_game_12Sb4OayehTDfL3rPTQ20Cod,2025-03-16 23:10:00,New,2025-05-27_02-30-13
4125413,1540,Miles Bridges,F,1.5,3-PT Made,7,CHA,goblin,NBA_game_12Sb4OayehTDfL3rPTQ20Cod,2025-03-16 23:10:00,New,2025-05-27_02-30-13
4125438,59729,Norman Powell,G,3.5,3-PT Made,7,LAC,demon,NBA_game_12Sb4OayehTDfL3rPTQ20Cod,2025-03-16 23:10:00,New,2025-05-27_02-30-13
4125327,216721,Josh Green,G,2.5,3-PT Made,7,CHA,demon,NBA_game_12Sb4OayehTDfL3rPTQ20Cod,2025-03-16 23:10:00,New,2025-05-27_02-30-13
4125414,1540,Miles Bridges,F,3.5,3-PT Made,7,CHA,demon,NBA_game_12Sb4OayehTDfL3rPTQ20Cod,2025-03-16 23:10:00,New,2025-05-27_02-30-13
4125415,1540,Miles Bridges,F,2.5,Assists,7,CHA,goblin,NBA_game_12Sb4OayehTDfL3rPTQ20Cod,2025-03-16 23:10:00,New,2025-05-27_02-30-13
4125428,25200,Nicolas Batum,G-F,1.5,Assists,7,LAC,demon,NBA_game_12Sb4OayehTDfL3rPTQ20Cod,2025-03-16 23:10:00,New,2025-05-27_02-30-13
4125366,56699,LaMelo Ball,G,5.5,Assists,7,CHA,goblin,NBA_game_12Sb4OayehTDfL3rPTQ20Cod,2025-03-16 23:10:00,New,2025-05-27_02-30-13
4125331,216721,Josh Green,G,4.5,Points,7,CHA,goblin,NBA_game_12Sb4OayehTDfL3rPTQ20Cod,2025-03-16 23:10:00,New,2025-05-27_02-30-13
4125416,1540,Miles Bridges,F,5.5,Assists,7,CHA,demon,NBA_game_12Sb4OayehTDfL3rPTQ20Cod,2025-03-16 23:10:00,New,2025-05-27_02-30-13
4125284,3828,Ivica Zubac,C,12.5,Points,7,LAC,goblin,NBA_game_12Sb4OayehTDfL3rPTQ20Cod,2025-03-16 23:10:00,New,2025-05-27_02-30-13
4125286,3828,Ivica Zubac,C,19.5,Points,7,LAC,demon,NBA_game_12Sb4OayehTDfL3rPTQ20Cod,2025-03-16 23:10:00,New,2025-05-27_02-30-13
4125333,216721,Josh Green,G,11.5,Points,7,CHA,demon,NBA_game_12Sb4OayehTDfL3rPTQ20Cod,2025-03-16 23:10:00,New,2025-05-27_02-30-13
4125335,216721,Josh Green,G,1.5,Steals,7,CHA,demon,NBA_game_12Sb4OayehTDfL3rPTQ20Cod,2025-03-16 23:10:00,New,2025-05-27_02-30-13
4125330,216721,Josh Green,G,3.5,Points,7,CHA,goblin,NBA_game_12Sb4OayehTDfL3rPTQ20Cod,2025-03-16 23:10:00,New,2025-05-27_02-30-13
4125336,216721,Josh Green,G,0.5,Turnovers,7,CHA,goblin,NBA_game_12Sb4OayehTDfL3rPTQ20Cod,2025-03-16 23:10:00,New,2025-05-27_02-30-13
4125334,216721,Josh Green,G,3.5,Rebounds,7,CHA,demon,NBA_game_12Sb4OayehTDfL3rPTQ20Cod,2025-03-16 23:10:00,New,2025-05-27_02-30-13
4125795,187995,Giannis Antetokounmpo,F,49.0,Pts+Rebs+Asts,7,MIL,standard,NBA_game_o7GYtbSyfvBRsTV3OWmBDQ2f,2025-03-17 01:10:00,New,2025-05-27_02-30-13
4125816,187995,Giannis Antetokounmpo,F,42.0,Pts+Rebs,7,MIL,standard,NBA_game_o7GYtbSyfvBRsTV3OWmBDQ2f,2025-03-17 01:10:00,New,2025-05-27_02-30-13
4125746,187995,Giannis Antetokounmpo,F,29.0,Points,7,MIL,standard,NBA_game_o7GYtbSyfvBRsTV3OWmBDQ2f,2025-03-17 01:10:00,New,2025-05-27_02-30-13
4125786,187995,Giannis Antetokounmpo,F,6.5,Assists,7,MIL,standard,NBA_game_o7GYtbSyfvBRsTV3OWmBDQ2f,2025-03-17 01:10:00,New,2025-05-27_02-30-13
4125831,187995,Giannis Antetokounmpo,F,19.5,Rebs+Asts,7,MIL,standard,NBA_game_o7GYtbSyfvBRsTV3OWmBDQ2f,2025-03-17 01:10:00,New,2025-05-27_02-30-13
4125824,187995,Giannis Antetokounmpo,F,36.0,Pts+Asts,7,MIL,standard,NBA_game_o7GYtbSyfvBRsTV3OWmBDQ2f,2025-03-17 01:10:00,New,2025-05-27_02-30-13
4125778,187995,Giannis Antetokounmpo,F,13.0,Rebounds,7,MIL,standard,NBA_game_o7GYtbSyfvBRsTV3OWmBDQ2f,2025-03-17 01:10:00,New,2025-05-27_02-30-13
4125787,188011,Shai Gilgeous-Alexander,G,6.5,Assists,7,OKC,standard,NBA_game_o7GYtbSyfvBRsTV3OWmBDQ2f,2025-03-17 01:10:00,New,2025-05-27_02-30-13
4125832,188011,Shai Gilgeous-Alexander,G,11.5,Rebs+Asts,7,OKC,standard,NBA_game_o7GYtbSyfvBRsTV3OWmBDQ2f,2025-03-17 01:10:00,New,2025-05-27_02-30-13
4125825,188011,Shai Gilgeous-Alexander,G,41.0,Pts+Asts,7,OKC,standard,NBA_game_o7GYtbSyfvBRsTV3OWmBDQ2f,2025-03-17 01:10:00,New,2025-05-27_02-30-13
4125796,188011,Shai Gilgeous-Alexander,G,46.0,Pts+Rebs+Asts,7,OKC,standard,NBA_game_o7GYtbSyfvBRsTV3OWmBDQ2f,2025-03-17 01:10:00,New,2025-05-27_02-30-13
4125747,188011,Shai Gilgeous-Alexander,G,34.0,Points,7,OKC,standard,NBA_game_o7GYtbSyfvBRsTV3OWmBDQ2f,2025-03-17 01:10:00,New,2025-05-27_02-30-13
4125838,188011,Shai Gilgeous-Alexander,G,0.5,Blocked Shots,7,OKC,standard,NBA_game_o7GYtbSyfvBRsTV3OWmBDQ2f,2025-03-17 01:10:00,New,2025-05-27_02-30-13
4125817,188011,Shai Gilgeous-Alexander,G,39.0,Pts+Rebs,7,OKC,standard,NBA_game_o7GYtbSyfvBRsTV3OWmBDQ2f,2025-03-17 01:10:00,New,2025-05-27_02-30-13
4125748,187998,Damian Lillard,G,23.5,Points,7,MIL,standard,NBA_game_o7GYtbSyfvBRsTV3OWmBDQ2f,2025-03-17 01:10:00,New,2025-05-27_02-30-13
4125841,187998,Damian Lillard,G,2.5,Turnovers,7,MIL,standard,NBA_game_o7GYtbSyfvBRsTV3OWmBDQ2f,2025-03-17 01:10:00,New,2025-05-27_02-30-13
4125826,187998,Damian Lillard,G,30.5,Pts+Asts,7,MIL,standard,NBA_game_o7GYtbSyfvBRsTV3OWmBDQ2f,2025-03-17 01:10:00,New,2025-05-27_02-30-13
4125780,187998,Damian Lillard,G,4.5,Rebounds,7,MIL,standard,NBA_game_o7GYtbSyfvBRsTV3OWmBDQ2f,2025-03-17 01:10:00,New,2025-05-27_02-30-13
4125833,187998,Damian Lillard,G,11.0,Rebs+Asts,7,MIL,standard,NBA_game_o7GYtbSyfvBRsTV3OWmBDQ2f,2025-03-17 01:10:00,New,2025-05-27_02-30-13
4125818,187998,Damian Lillard,G,28.0,Pts+Rebs,7,MIL,standard,NBA_game_o7GYtbSyfvBRsTV3OWmBDQ2f,2025-03-17 01:10:00,New,2025-05-27_02-30-13
4125797,187998,Damian Lillard,G,34.5,Pts+Rebs+Asts,7,MIL,standard,NBA_game_o7GYtbSyfvBRsTV3OWmBDQ2f,2025-03-17 01:10:00,New,2025-05-27_02-30-13
4125788,187998,Damian Lillard,G,6.5,Assists,7,MIL,standard,NBA_game_o7GYtbSyfvBRsTV3OWmBDQ2f,2025-03-17 01:10:00,New,2025-05-27_02-30-13
4125834,93905,Chet Holmgren,C-F,10.0,Rebs+Asts,7,OKC,standard,NBA_game_o7GYtbSyfvBRsTV3OWmBDQ2f,2025-03-17 01:10:00,New,2025-05-27_02-30-13
4125839,93905,Chet Holmgren,C-F,2.5,Blks+Stls,7,OKC,standard,NBA_game_o7GYtbSyfvBRsTV3OWmBDQ2f,2025-03-17 01:10:00,New,2025-05-27_02-30-13
4125749,93905,Chet Holmgren,C-F,15.5,Points,7,OKC,standard,NBA_game_o7GYtbSyfvBRsTV3OWmBDQ2f,2025-03-17 01:10:00,New,2025-05-27_02-30-13
4125842,93905,Chet Holmgren,C-F,1.5,Turnovers,7,OKC,standard,NBA_game_o7GYtbSyfvBRsTV3OWmBDQ2f,2025-03-17 01:10:00,New,2025-05-27_02-30-13
4125819,93905,Chet Holmgren,C-F,23.5,Pts+Rebs,7,OKC,standard,NBA_game_o7GYtbSyfvBRsTV3OWmBDQ2f,2025-03-17 01:10:00,New,2025-05-27_02-30-13
4125781,93905,Chet Holmgren,C-F,8.0,Rebounds,7,OKC,standard,NBA_game_o7GYtbSyfvBRsTV3OWmBDQ2f,2025-03-17 01:10:00,New,2025-05-27_02-30-13
4125798,93905,Chet Holmgren,C-F,26.5,Pts+Rebs+Asts,7,OKC,standard,NBA_game_o7GYtbSyfvBRsTV3OWmBDQ2f,2025-03-17 01:10:00,New,2025-05-27_02-30-13
4125827,93905,Chet Holmgren,C-F,17.5,Pts+Asts,7,OKC,standard,NBA_game_o7GYtbSyfvBRsTV3OWmBDQ2f,2025-03-17 01:10:00,New,2025-05-27_02-30-13
4125792,1683,Brook Lopez,C,1.5,3-PT Made,7,MIL,standard,NBA_game_o7GYtbSyfvBRsTV3OWmBDQ2f,2025-03-17 01:10:00,New,2025-05-27_02-30-13
4125820,1683,Brook Lopez,C,17.5,Pts+Rebs,7,MIL,standard,NBA_game_o7GYtbSyfvBRsTV3OWmBDQ2f,2025-03-17 01:10:00,New,2025-05-27_02-30-13
4125750,1683,Brook Lopez,C,12.5,Points,7,MIL,standard,NBA_game_o7GYtbSyfvBRsTV3OWmBDQ2f,2025-03-17 01:10:00,New,2025-05-27_02-30-13
4125751,175716,Cason Wallace,G,10.5,Points,7,OKC,standard,NBA_game_o7GYtbSyfvBRsTV3OWmBDQ2f,2025-03-17 01:10:00,New,2025-05-27_02-30-13
4125799,175716,Cason Wallace,G,16.5,Pts+Rebs+Asts,7,OKC,standard,NBA_game_o7GYtbSyfvBRsTV3OWmBDQ2f,2025-03-17 01:10:00,New,2025-05-27_02-30-13
4125828,175716,Cason Wallace,G,13.5,Pts+Asts,7,OKC,standard,NBA_game_o7GYtbSyfvBRsTV3OWmBDQ2f,2025-03-17 01:10:00,New,2025-05-27_02-30-13
4125821,175716,Cason Wallace,G,13.5,Pts+Rebs,7,OKC,standard,NBA_game_o7GYtbSyfvBRsTV3OWmBDQ2f,2025-03-17 01:10:00,New,2025-05-27_02-30-13
4125752,227344,Kyle Kuzma,F,13.5,Points,7,MIL,standard,NBA_game_o7GYtbSyfvBRsTV3OWmBDQ2f,2025-03-17 01:10:00,New,2025-05-27_02-30-13
4125800,227344,Kyle Kuzma,F,21.5,Pts+Rebs+Asts,7,MIL,standard,NBA_game_o7GYtbSyfvBRsTV3OWmBDQ2f,2025-03-17 01:10:00,New,2025-05-27_02-30-13
4125829,227344,Kyle Kuzma,F,14.5,Pts+Asts,7,MIL,standard,NBA_game_o7GYtbSyfvBRsTV3OWmBDQ2f,2025-03-17 01:10:00,New,2025-05-27_02-30-13
4125836,227344,Kyle Kuzma,F,8.0,Rebs+Asts,7,MIL,standard,NBA_game_o7GYtbSyfvBRsTV3OWmBDQ2f,2025-03-17 01:10:00,New,2025-05-27_02-30-13
4125822,227344,Kyle Kuzma,F,19.5,Pts+Rebs,7,MIL,standard,NBA_game_o7GYtbSyfvBRsTV3OWmBDQ2f,2025-03-17 01:10:00,New,2025-05-27_02-30-13
4125784,227344,Kyle Kuzma,F,6.0,Rebounds,7,MIL,standard,NBA_game_o7GYtbSyfvBRsTV3OWmBDQ2f,2025-03-17 01:10:00,New,2025-05-27_02-30-13
4125801,217105,Taurean Prince,F,14.5,Pts+Rebs+Asts,7,MIL,standard,NBA_game_o7GYtbSyfvBRsTV3OWmBDQ2f,2025-03-17 01:10:00,New,2025-05-27_02-30-13
4125830,217105,Taurean Prince,F,10.5,Pts+Asts,7,MIL,standard,NBA_game_o7GYtbSyfvBRsTV3OWmBDQ2f,2025-03-17 01:10:00,New,2025-05-27_02-30-13
4125785,217105,Taurean Prince,F,3.5,Rebounds,7,MIL,standard,NBA_game_o7GYtbSyfvBRsTV3OWmBDQ2f,2025-03-17 01:10:00,New,2025-05-27_02-30-13
4125823,217105,Taurean Prince,F,12.5,Pts+Rebs,7,MIL,standard,NBA_game_o7GYtbSyfvBRsTV3OWmBDQ2f,2025-03-17 01:10:00,New,2025-05-27_02-30-13
4125753,217105,Taurean Prince,F,8.5,Points,7,MIL,standard,NBA_game_o7GYtbSyfvBRsTV3OWmBDQ2f,2025-03-17 01:10:00,New,2025-05-27_02-30-13
4126721,188011,Shai Gilgeous-Alexander,G,29.5,Points,7,OKC,goblin,NBA_game_o7GYtbSyfvBRsTV3OWmBDQ2f,2025-03-17 01:10:00,New,2025-05-27_02-30-13
4126751,175716,Cason Wallace,G,4.5,Rebounds,7,OKC,demon,NBA_game_o7GYtbSyfvBRsTV3OWmBDQ2f,2025-03-17 01:10:00,New,2025-05-27_02-30-13
4126743,93905,Chet Holmgren,C-F,1.5,Steals,7,OKC,demon,NBA_game_o7GYtbSyfvBRsTV3OWmBDQ2f,2025-03-17 01:10:00,New,2025-05-27_02-30-13
4126729,188011,Shai Gilgeous-Alexander,G,2.5,Steals,7,OKC,demon,NBA_game_o7GYtbSyfvBRsTV3OWmBDQ2f,2025-03-17 01:10:00,New,2025-05-27_02-30-13
4126805,187998,Damian Lillard,G,6.5,Rebounds,7,MIL,demon,NBA_game_o7GYtbSyfvBRsTV3OWmBDQ2f,2025-03-17 01:10:00,New,2025-05-27_02-30-13
4126724,188011,Shai Gilgeous-Alexander,G,49.5,Pts+Rebs+Asts,7,OKC,demon,NBA_game_o7GYtbSyfvBRsTV3OWmBDQ2f,2025-03-17 01:10:00,New,2025-05-27_02-30-13
4126749,175716,Cason Wallace,G,14.5,Points,7,OKC,demon,NBA_game_o7GYtbSyfvBRsTV3OWmBDQ2f,2025-03-17 01:10:00,New,2025-05-27_02-30-13
4126744,175716,Cason Wallace,G,0.5,3-PT Made,7,OKC,goblin,NBA_game_o7GYtbSyfvBRsTV3OWmBDQ2f,2025-03-17 01:10:00,New,2025-05-27_02-30-13
4126778,187995,Giannis Antetokounmpo,F,7.5,Assists,7,MIL,demon,NBA_game_o7GYtbSyfvBRsTV3OWmBDQ2f,2025-03-17 01:10:00,New,2025-05-27_02-30-13
4126791,187995,Giannis Antetokounmpo,F,1.5,Steals,7,MIL,demon,NBA_game_o7GYtbSyfvBRsTV3OWmBDQ2f,2025-03-17 01:10:00,New,2025-05-27_02-30-13
4126792,187998,Damian Lillard,G,2.5,3-PT Made,7,MIL,goblin,NBA_game_o7GYtbSyfvBRsTV3OWmBDQ2f,2025-03-17 01:10:00,New,2025-05-27_02-30-13
4126807,187998,Damian Lillard,G,1.5,Steals,7,MIL,demon,NBA_game_o7GYtbSyfvBRsTV3OWmBDQ2f,2025-03-17 01:10:00,New,2025-05-27_02-30-13
4126733,93905,Chet Holmgren,C-F,2.5,Blocked Shots,7,OKC,demon,NBA_game_o7GYtbSyfvBRsTV3OWmBDQ2f,2025-03-17 01:10:00,New,2025-05-27_02-30-13
4126782,187995,Giannis Antetokounmpo,F,24.5,Points,7,MIL,goblin,NBA_game_o7GYtbSyfvBRsTV3OWmBDQ2f,2025-03-17 01:10:00,New,2025-05-27_02-30-13
4126757,217105,Taurean Prince,F,0.5,Blocked Shots,7,MIL,demon,NBA_game_o7GYtbSyfvBRsTV3OWmBDQ2f,2025-03-17 01:10:00,New,2025-05-27_02-30-13
4126790,187995,Giannis Antetokounmpo,F,0.5,Steals,7,MIL,goblin,NBA_game_o7GYtbSyfvBRsTV3OWmBDQ2f,2025-03-17 01:10:00,New,2025-05-27_02-30-13
4126771,227344,Kyle Kuzma,F,19.5,Points,7,MIL,demon,NBA_game_o7GYtbSyfvBRsTV3OWmBDQ2f,2025-03-17 01:10:00,New,2025-05-27_02-30-13
4126731,93905,Chet Holmgren,C-F,2.5,Assists,7,OKC,demon,NBA_game_o7GYtbSyfvBRsTV3OWmBDQ2f,2025-03-17 01:10:00,New,2025-05-27_02-30-13
4126718,188011,Shai Gilgeous-Alexander,G,5.5,Assists,7,OKC,goblin,NBA_game_o7GYtbSyfvBRsTV3OWmBDQ2f,2025-03-17 01:10:00,New,2025-05-27_02-30-13
4126737,93905,Chet Holmgren,C-F,21.5,Points,7,OKC,demon,NBA_game_o7GYtbSyfvBRsTV3OWmBDQ2f,2025-03-17 01:10:00,New,2025-05-27_02-30-13
4126783,187995,Giannis Antetokounmpo,F,34.5,Points,7,MIL,demon,NBA_game_o7GYtbSyfvBRsTV3OWmBDQ2f,2025-03-17 01:10:00,New,2025-05-27_02-30-13
4126770,227344,Kyle Kuzma,F,18.5,Points,7,MIL,demon,NBA_game_o7GYtbSyfvBRsTV3OWmBDQ2f,2025-03-17 01:10:00,New,2025-05-27_02-30-13
4126772,227344,Kyle Kuzma,F,4.5,Rebounds,7,MIL,goblin,NBA_game_o7GYtbSyfvBRsTV3OWmBDQ2f,2025-03-17 01:10:00,New,2025-05-27_02-30-13
4126754,217105,Taurean Prince,F,2.5,3-PT Made,7,MIL,demon,NBA_game_o7GYtbSyfvBRsTV3OWmBDQ2f,2025-03-17 01:10:00,New,2025-05-27_02-30-13
4126799,187998,Damian Lillard,G,17.5,Points,7,MIL,goblin,NBA_game_o7GYtbSyfvBRsTV3OWmBDQ2f,2025-03-17 01:10:00,New,2025-05-27_02-30-13
4126776,187995,Giannis Antetokounmpo,F,0.5,3-PT Made,7,MIL,demon,NBA_game_o7GYtbSyfvBRsTV3OWmBDQ2f,2025-03-17 01:10:00,New,2025-05-27_02-30-13
4126768,227344,Kyle Kuzma,F,0.5,Blocked Shots,7,MIL,demon,NBA_game_o7GYtbSyfvBRsTV3OWmBDQ2f,2025-03-17 01:10:00,New,2025-05-27_02-30-13
4126761,217105,Taurean Prince,F,4.5,Rebounds,7,MIL,demon,NBA_game_o7GYtbSyfvBRsTV3OWmBDQ2f,2025-03-17 01:10:00,New,2025-05-27_02-30-13
4126779,187995,Giannis Antetokounmpo,F,8.5,Assists,7,MIL,demon,NBA_game_o7GYtbSyfvBRsTV3OWmBDQ2f,2025-03-17 01:10:00,New,2025-05-27_02-30-13
4126722,188011,Shai Gilgeous-Alexander,G,39.5,Points,7,OKC,demon,NBA_game_o7GYtbSyfvBRsTV3OWmBDQ2f,2025-03-17 01:10:00,New,2025-05-27_02-30-13
4126728,188011,Shai Gilgeous-Alexander,G,0.5,Steals,7,OKC,goblin,NBA_game_o7GYtbSyfvBRsTV3OWmBDQ2f,2025-03-17 01:10:00,New,2025-05-27_02-30-13
4126758,217105,Taurean Prince,F,5.5,Points,7,MIL,goblin,NBA_game_o7GYtbSyfvBRsTV3OWmBDQ2f,2025-03-17 01:10:00,New,2025-05-27_02-30-13
4126764,217105,Taurean Prince,F,1.5,Turnovers,7,MIL,demon,NBA_game_o7GYtbSyfvBRsTV3OWmBDQ2f,2025-03-17 01:10:00,New,2025-05-27_02-30-13
4126730,93905,Chet Holmgren,C-F,2.5,3-PT Made,7,OKC,demon,NBA_game_o7GYtbSyfvBRsTV3OWmBDQ2f,2025-03-17 01:10:00,New,2025-05-27_02-30-13
4126787,187995,Giannis Antetokounmpo,F,14.5,Rebounds,7,MIL,demon,NBA_game_o7GYtbSyfvBRsTV3OWmBDQ2f,2025-03-17 01:10:00,New,2025-05-27_02-30-13
4126785,187995,Giannis Antetokounmpo,F,59.5,Pts+Rebs+Asts,7,MIL,demon,NBA_game_o7GYtbSyfvBRsTV3OWmBDQ2f,2025-03-17 01:10:00,New,2025-05-27_02-30-13
4126781,187995,Giannis Antetokounmpo,F,0.5,Blocked Shots,7,MIL,goblin,NBA_game_o7GYtbSyfvBRsTV3OWmBDQ2f,2025-03-17 01:10:00,New,2025-05-27_02-30-13
4126769,227344,Kyle Kuzma,F,9.5,Points,7,MIL,goblin,NBA_game_o7GYtbSyfvBRsTV3OWmBDQ2f,2025-03-17 01:10:00,New,2025-05-27_02-30-13
4126748,175716,Cason Wallace,G,4.5,Assists,7,OKC,demon,NBA_game_o7GYtbSyfvBRsTV3OWmBDQ2f,2025-03-17 01:10:00,New,2025-05-27_02-30-13
4126723,188011,Shai Gilgeous-Alexander,G,42.5,Points,7,OKC,demon,NBA_game_o7GYtbSyfvBRsTV3OWmBDQ2f,2025-03-17 01:10:00,New,2025-05-27_02-30-13
4126746,175716,Cason Wallace,G,1.5,Assists,7,OKC,goblin,NBA_game_o7GYtbSyfvBRsTV3OWmBDQ2f,2025-03-17 01:10:00,New,2025-05-27_02-30-13
4126745,175716,Cason Wallace,G,2.5,3-PT Made,7,OKC,demon,NBA_game_o7GYtbSyfvBRsTV3OWmBDQ2f,2025-03-17 01:10:00,New,2025-05-27_02-30-13
4126752,175716,Cason Wallace,G,5.5,Rebounds,7,OKC,demon,NBA_game_o7GYtbSyfvBRsTV3OWmBDQ2f,2025-03-17 01:10:00,New,2025-05-27_02-30-13
4126747,175716,Cason Wallace,G,3.5,Assists,7,OKC,demon,NBA_game_o7GYtbSyfvBRsTV3OWmBDQ2f,2025-03-17 01:10:00,New,2025-05-27_02-30-13
4126804,187998,Damian Lillard,G,5.5,Rebounds,7,MIL,demon,NBA_game_o7GYtbSyfvBRsTV3OWmBDQ2f,2025-03-17 01:10:00,New,2025-05-27_02-30-13
4126786,187995,Giannis Antetokounmpo,F,11.5,Rebounds,7,MIL,goblin,NBA_game_o7GYtbSyfvBRsTV3OWmBDQ2f,2025-03-17 01:10:00,New,2025-05-27_02-30-13
4126788,187995,Giannis Antetokounmpo,F,15.5,Rebounds,7,MIL,demon,NBA_game_o7GYtbSyfvBRsTV3OWmBDQ2f,2025-03-17 01:10:00,New,2025-05-27_02-30-13
4126742,93905,Chet Holmgren,C-F,11.5,Rebounds,7,OKC,demon,NBA_game_o7GYtbSyfvBRsTV3OWmBDQ2f,2025-03-17 01:10:00,New,2025-05-27_02-30-13
4126725,188011,Shai Gilgeous-Alexander,G,3.5,Rebounds,7,OKC,goblin,NBA_game_o7GYtbSyfvBRsTV3OWmBDQ2f,2025-03-17 01:10:00,New,2025-05-27_02-30-13
4126801,187998,Damian Lillard,G,29.5,Points,7,MIL,demon,NBA_game_o7GYtbSyfvBRsTV3OWmBDQ2f,2025-03-17 01:10:00,New,2025-05-27_02-30-13
4126726,188011,Shai Gilgeous-Alexander,G,5.5,Rebounds,7,OKC,demon,NBA_game_o7GYtbSyfvBRsTV3OWmBDQ2f,2025-03-17 01:10:00,New,2025-05-27_02-30-13
4126759,217105,Taurean Prince,F,14.5,Points,7,MIL,demon,NBA_game_o7GYtbSyfvBRsTV3OWmBDQ2f,2025-03-17 01:10:00,New,2025-05-27_02-30-13
4126797,187998,Damian Lillard,G,9.5,Assists,7,MIL,demon,NBA_game_o7GYtbSyfvBRsTV3OWmBDQ2f,2025-03-17 01:10:00,New,2025-05-27_02-30-13
4126716,188011,Shai Gilgeous-Alexander,G,1.5,3-PT Made,7,OKC,goblin,NBA_game_o7GYtbSyfvBRsTV3OWmBDQ2f,2025-03-17 01:10:00,New,2025-05-27_02-30-13
4126795,187998,Damian Lillard,G,7.5,Assists,7,MIL,demon,NBA_game_o7GYtbSyfvBRsTV3OWmBDQ2f,2025-03-17 01:10:00,New,2025-05-27_02-30-13
4126734,93905,Chet Holmgren,C-F,3.5,Blocked Shots,7,OKC,demon,NBA_game_o7GYtbSyfvBRsTV3OWmBDQ2f,2025-03-17 01:10:00,New,2025-05-27_02-30-13
4126717,188011,Shai Gilgeous-Alexander,G,3.5,3-PT Made,7,OKC,demon,NBA_game_o7GYtbSyfvBRsTV3OWmBDQ2f,2025-03-17 01:10:00,New,2025-05-27_02-30-13
4126740,93905,Chet Holmgren,C-F,9.5,Rebounds,7,OKC,demon,NBA_game_o7GYtbSyfvBRsTV3OWmBDQ2f,2025-03-17 01:10:00,New,2025-05-27_02-30-13
4126803,187998,Damian Lillard,G,3.5,Rebounds,7,MIL,goblin,NBA_game_o7GYtbSyfvBRsTV3OWmBDQ2f,2025-03-17 01:10:00,New,2025-05-27_02-30-13
4126755,217105,Taurean Prince,F,3.5,3-PT Made,7,MIL,demon,NBA_game_o7GYtbSyfvBRsTV3OWmBDQ2f,2025-03-17 01:10:00,New,2025-05-27_02-30-13
4126774,227344,Kyle Kuzma,F,7.5,Rebounds,7,MIL,demon,NBA_game_o7GYtbSyfvBRsTV3OWmBDQ2f,2025-03-17 01:10:00,New,2025-05-27_02-30-13
4126784,187995,Giannis Antetokounmpo,F,37.5,Points,7,MIL,demon,NBA_game_o7GYtbSyfvBRsTV3OWmBDQ2f,2025-03-17 01:10:00,New,2025-05-27_02-30-13
4126756,217105,Taurean Prince,F,2.5,Assists,7,MIL,demon,NBA_game_o7GYtbSyfvBRsTV3OWmBDQ2f,2025-03-17 01:10:00,New,2025-05-27_02-30-13
4126760,217105,Taurean Prince,F,2.5,Rebounds,7,MIL,goblin,NBA_game_o7GYtbSyfvBRsTV3OWmBDQ2f,2025-03-17 01:10:00,New,2025-05-27_02-30-13
4126720,188011,Shai Gilgeous-Alexander,G,8.5,Assists,7,OKC,demon,NBA_game_o7GYtbSyfvBRsTV3OWmBDQ2f,2025-03-17 01:10:00,New,2025-05-27_02-30-13
4126789,187995,Giannis Antetokounmpo,F,16.5,Rebounds,7,MIL,demon,NBA_game_o7GYtbSyfvBRsTV3OWmBDQ2f,2025-03-17 01:10:00,New,2025-05-27_02-30-13
4126762,217105,Taurean Prince,F,5.5,Rebounds,7,MIL,demon,NBA_game_o7GYtbSyfvBRsTV3OWmBDQ2f,2025-03-17 01:10:00,New,2025-05-27_02-30-13
4126780,187995,Giannis Antetokounmpo,F,9.5,Assists,7,MIL,demon,NBA_game_o7GYtbSyfvBRsTV3OWmBDQ2f,2025-03-17 01:10:00,New,2025-05-27_02-30-13
4126794,187998,Damian Lillard,G,5.5,Assists,7,MIL,goblin,NBA_game_o7GYtbSyfvBRsTV3OWmBDQ2f,2025-03-17 01:10:00,New,2025-05-27_02-30-13
4126809,1683,Brook Lopez,C,9.5,Points,7,MIL,goblin,NBA_game_o7GYtbSyfvBRsTV3OWmBDQ2f,2025-03-17 01:10:00,New,2025-05-27_02-30-13
4126810,1683,Brook Lopez,C,19.5,Points,7,MIL,demon,NBA_game_o7GYtbSyfvBRsTV3OWmBDQ2f,2025-03-17 01:10:00,New,2025-05-27_02-30-13
4126808,1683,Brook Lopez,C,2.5,3-PT Made,7,MIL,demon,NBA_game_o7GYtbSyfvBRsTV3OWmBDQ2f,2025-03-17 01:10:00,New,2025-05-27_02-30-13
4126738,93905,Chet Holmgren,C-F,29.5,Pts+Rebs+Asts,7,OKC,demon,NBA_game_o7GYtbSyfvBRsTV3OWmBDQ2f,2025-03-17 01:10:00,New,2025-05-27_02-30-13
4126741,93905,Chet Holmgren,C-F,10.5,Rebounds,7,OKC,demon,NBA_game_o7GYtbSyfvBRsTV3OWmBDQ2f,2025-03-17 01:10:00,New,2025-05-27_02-30-13
4126735,93905,Chet Holmgren,C-F,11.5,Points,7,OKC,goblin,NBA_game_o7GYtbSyfvBRsTV3OWmBDQ2f,2025-03-17 01:10:00,New,2025-05-27_02-30-13
4126763,217105,Taurean Prince,F,0.5,Steals,7,MIL,goblin,NBA_game_o7GYtbSyfvBRsTV3OWmBDQ2f,2025-03-17 01:10:00,New,2025-05-27_02-30-13
4126750,175716,Cason Wallace,G,2.5,Rebounds,7,OKC,goblin,NBA_game_o7GYtbSyfvBRsTV3OWmBDQ2f,2025-03-17 01:10:00,New,2025-05-27_02-30-13
4126736,93905,Chet Holmgren,C-F,19.5,Points,7,OKC,demon,NBA_game_o7GYtbSyfvBRsTV3OWmBDQ2f,2025-03-17 01:10:00,New,2025-05-27_02-30-13
4126775,227344,Kyle Kuzma,F,8.5,Rebounds,7,MIL,demon,NBA_game_o7GYtbSyfvBRsTV3OWmBDQ2f,2025-03-17 01:10:00,New,2025-05-27_02-30-13
4126727,188011,Shai Gilgeous-Alexander,G,6.5,Rebounds,7,OKC,demon,NBA_game_o7GYtbSyfvBRsTV3OWmBDQ2f,2025-03-17 01:10:00,New,2025-05-27_02-30-13
4126777,187995,Giannis Antetokounmpo,F,5.5,Assists,7,MIL,goblin,NBA_game_o7GYtbSyfvBRsTV3OWmBDQ2f,2025-03-17 01:10:00,New,2025-05-27_02-30-13
4126811,1683,Brook Lopez,C,7.5,Rebounds,7,MIL,demon,NBA_game_o7GYtbSyfvBRsTV3OWmBDQ2f,2025-03-17 01:10:00,New,2025-05-27_02-30-13
4126719,188011,Shai Gilgeous-Alexander,G,7.5,Assists,7,OKC,demon,NBA_game_o7GYtbSyfvBRsTV3OWmBDQ2f,2025-03-17 01:10:00,New,2025-05-27_02-30-13
4126796,187998,Damian Lillard,G,8.5,Assists,7,MIL,demon,NBA_game_o7GYtbSyfvBRsTV3OWmBDQ2f,2025-03-17 01:10:00,New,2025-05-27_02-30-13
4126739,93905,Chet Holmgren,C-F,6.5,Rebounds,7,OKC,goblin,NBA_game_o7GYtbSyfvBRsTV3OWmBDQ2f,2025-03-17 01:10:00,New,2025-05-27_02-30-13
4126793,187998,Damian Lillard,G,4.5,3-PT Made,7,MIL,demon,NBA_game_o7GYtbSyfvBRsTV3OWmBDQ2f,2025-03-17 01:10:00,New,2025-05-27_02-30-13
4126732,93905,Chet Holmgren,C-F,3.5,Assists,7,OKC,demon,NBA_game_o7GYtbSyfvBRsTV3OWmBDQ2f,2025-03-17 01:10:00,New,2025-05-27_02-30-13
4126800,187998,Damian Lillard,G,19.5,Points,7,MIL,goblin,NBA_game_o7GYtbSyfvBRsTV3OWmBDQ2f,2025-03-17 01:10:00,New,2025-05-27_02-30-13
4126766,227344,Kyle Kuzma,F,2.5,3-PT Made,7,MIL,demon,NBA_game_o7GYtbSyfvBRsTV3OWmBDQ2f,2025-03-17 01:10:00,New,2025-05-27_02-30-13
4126798,187998,Damian Lillard,G,0.5,Blocked Shots,7,MIL,demon,NBA_game_o7GYtbSyfvBRsTV3OWmBDQ2f,2025-03-17 01:10:00,New,2025-05-27_02-30-13
4126753,217105,Taurean Prince,F,1.5,3-PT Made,7,MIL,goblin,NBA_game_o7GYtbSyfvBRsTV3OWmBDQ2f,2025-03-17 01:10:00,New,2025-05-27_02-30-13
4126806,187998,Damian Lillard,G,0.5,Steals,7,MIL,goblin,NBA_game_o7GYtbSyfvBRsTV3OWmBDQ2f,2025-03-17 01:10:00,New,2025-05-27_02-30-13
4126802,187998,Damian Lillard,G,44.5,Pts+Rebs+Asts,7,MIL,demon,NBA_game_o7GYtbSyfvBRsTV3OWmBDQ2f,2025-03-17 01:10:00,New,2025-05-27_02-30-13
4126773,227344,Kyle Kuzma,F,5.5,Rebounds,7,MIL,goblin,NBA_game_o7GYtbSyfvBRsTV3OWmBDQ2f,2025-03-17 01:10:00,New,2025-05-27_02-30-13
4126765,227344,Kyle Kuzma,F,0.5,3-PT Made,7,MIL,goblin,NBA_game_o7GYtbSyfvBRsTV3OWmBDQ2f,2025-03-17 01:10:00,New,2025-05-27_02-30-13
